-- phpMyAdmin SQL Dump
-- version 4.6.4
-- https://www.phpmyadmin.net/
--
-- Máy chủ: 127.0.0.1
-- Thời gian đã tạo: Th1 13, 2021 lúc 12:47 CH
-- Phiên bản máy phục vụ: 5.7.14
-- Phiên bản PHP: 7.0.10

SET SQL_MODE = "NO_AUTO_VALUE_ON_ZERO";
SET time_zone = "+00:00";


/*!40101 SET @OLD_CHARACTER_SET_CLIENT=@@CHARACTER_SET_CLIENT */;
/*!40101 SET @OLD_CHARACTER_SET_RESULTS=@@CHARACTER_SET_RESULTS */;
/*!40101 SET @OLD_COLLATION_CONNECTION=@@COLLATION_CONNECTION */;
/*!40101 SET NAMES utf8mb4 */;

--
-- Cơ sở dữ liệu: `deviation_plus`
--

-- --------------------------------------------------------

--
-- Cấu trúc bảng cho bảng `arc`
--

CREATE TABLE `arc` (
  `id` int(11) NOT NULL,
  `point_begin_id` int(11) NOT NULL,
  `point_end_id` int(11) NOT NULL,
  `vehicle_id` int(11) NOT NULL
) ENGINE=MyISAM DEFAULT CHARSET=utf8 COLLATE=utf8_unicode_ci;

--
-- Đang đổ dữ liệu cho bảng `arc`
--

INSERT INTO `arc` (`id`, `point_begin_id`, `point_end_id`, `vehicle_id`) VALUES
(12, 169, 186, 15),
(11, 159, 168, 15),
(10, 141, 158, 15),
(9, 131, 140, 15),
(8, 118, 130, 15),
(7, 100, 117, 14),
(13, 187, 204, 15),
(14, 205, 218, 15),
(15, 219, 226, 15),
(16, 227, 234, 15),
(17, 235, 246, 15),
(18, 247, 252, 15),
(19, 253, 262, 15),
(20, 263, 274, 16),
(21, 280, 292, 16),
(22, 297, 305, 16),
(23, 311, 334, 16),
(24, 342, 360, 16),
(25, 367, 384, 16),
(26, 388, 402, 16),
(27, 405, 424, 16),
(28, 430, 445, 16),
(29, 451, 463, 16),
(30, 472, 482, 16),
(31, 487, 502, 16),
(32, 506, 516, 16),
(33, 518, 525, 16),
(34, 531, 547, 16),
(35, 550, 569, 16),
(36, 573, 588, 16),
(37, 592, 607, 16),
(38, 612, 627, 16),
(39, 630, 650, 16),
(40, 654, 669, 16),
(41, 673, 686, 16),
(42, 692, 706, 16),
(43, 711, 724, 16),
(44, 728, 738, 16),
(45, 743, 757, 16),
(46, 762, 774, 16),
(47, 779, 789, 16),
(48, 794, 804, 16),
(49, 809, 818, 16),
(50, 823, 832, 16),
(51, 837, 846, 16),
(52, 851, 876, 16),
(53, 881, 891, 16),
(54, 895, 907, 16),
(55, 912, 926, 16),
(56, 930, 945, 16),
(57, 950, 967, 16),
(58, 972, 982, 16),
(59, 988, 1004, 16),
(60, 1005, 1015, 16),
(61, 1019, 1032, 16),
(62, 1037, 1044, 16),
(63, 1048, 1057, 16),
(64, 1061, 1078, 16),
(65, 1083, 1095, 16),
(66, 1099, 1120, 16),
(67, 1124, 1136, 17),
(68, 1141, 1155, 16),
(69, 1161, 1172, 16),
(70, 1178, 1192, 16),
(71, 1206, 1218, 16),
(72, 1226, 1241, 16),
(73, 1249, 1263, 16),
(74, 1270, 1285, 16),
(75, 1291, 1307, 16),
(76, 1316, 1345, 18),
(77, 1351, 1367, 18),
(78, 1373, 1386, 18),
(79, 1392, 1423, 18),
(80, 1434, 1439, 18),
(81, 1441, 1519, 18),
(82, 1527, 1588, 18),
(83, 1601, 1627, 19),
(84, 1637, 1655, 20),
(85, 1656, 1671, 20);

-- --------------------------------------------------------

--
-- Cấu trúc bảng cho bảng `arc_point`
--

CREATE TABLE `arc_point` (
  `id` int(11) NOT NULL,
  `arc_id` int(11) NOT NULL,
  `point_id` int(11) NOT NULL,
  `sequence` int(11) NOT NULL
) ENGINE=MyISAM DEFAULT CHARSET=utf8 COLLATE=utf8_unicode_ci;

--
-- Đang đổ dữ liệu cho bảng `arc_point`
--

INSERT INTO `arc_point` (`id`, `arc_id`, `point_id`, `sequence`) VALUES
(43, 8, 122, 4),
(42, 8, 121, 3),
(41, 8, 120, 2),
(40, 8, 119, 1),
(39, 7, 116, 16),
(38, 7, 115, 15),
(37, 7, 114, 14),
(36, 7, 113, 13),
(35, 7, 112, 12),
(34, 7, 111, 11),
(33, 7, 110, 10),
(32, 7, 109, 9),
(31, 7, 108, 8),
(30, 7, 107, 7),
(29, 7, 106, 6),
(28, 7, 105, 5),
(27, 7, 104, 4),
(26, 7, 103, 3),
(25, 7, 102, 2),
(24, 7, 101, 1),
(44, 8, 123, 5),
(45, 8, 124, 6),
(46, 8, 125, 7),
(47, 8, 126, 8),
(48, 8, 127, 9),
(49, 8, 128, 10),
(50, 8, 129, 11),
(51, 9, 132, 1),
(52, 9, 133, 2),
(53, 9, 134, 3),
(54, 9, 135, 4),
(55, 9, 136, 5),
(56, 9, 137, 6),
(57, 9, 138, 7),
(58, 9, 139, 8),
(59, 10, 142, 1),
(60, 10, 143, 2),
(61, 10, 144, 3),
(62, 10, 145, 4),
(63, 10, 146, 5),
(64, 10, 147, 6),
(65, 10, 148, 7),
(66, 10, 149, 8),
(67, 10, 150, 9),
(68, 10, 151, 10),
(69, 10, 152, 11),
(70, 10, 153, 12),
(71, 10, 154, 13),
(72, 10, 155, 14),
(73, 10, 156, 15),
(74, 10, 157, 16),
(75, 11, 160, 1),
(76, 11, 161, 2),
(77, 11, 162, 3),
(78, 11, 163, 4),
(79, 11, 164, 5),
(80, 11, 165, 6),
(81, 11, 166, 7),
(82, 11, 167, 8),
(83, 12, 170, 1),
(84, 12, 171, 2),
(85, 12, 172, 3),
(86, 12, 173, 4),
(87, 12, 174, 5),
(88, 12, 175, 6),
(89, 12, 176, 7),
(90, 12, 177, 8),
(91, 12, 178, 9),
(92, 12, 179, 10),
(93, 12, 180, 11),
(94, 12, 181, 12),
(95, 12, 182, 13),
(96, 12, 183, 14),
(97, 12, 184, 15),
(98, 12, 185, 16),
(99, 13, 188, 1),
(100, 13, 189, 2),
(101, 13, 190, 3),
(102, 13, 191, 4),
(103, 13, 192, 5),
(104, 13, 193, 6),
(105, 13, 194, 7),
(106, 13, 195, 8),
(107, 13, 196, 9),
(108, 13, 197, 10),
(109, 13, 198, 11),
(110, 13, 199, 12),
(111, 13, 200, 13),
(112, 13, 201, 14),
(113, 13, 202, 15),
(114, 13, 203, 16),
(115, 14, 206, 1),
(116, 14, 207, 2),
(117, 14, 208, 3),
(118, 14, 209, 4),
(119, 14, 210, 5),
(120, 14, 211, 6),
(121, 14, 212, 7),
(122, 14, 213, 8),
(123, 14, 214, 9),
(124, 14, 215, 10),
(125, 14, 216, 11),
(126, 14, 217, 12),
(127, 15, 220, 1),
(128, 15, 221, 2),
(129, 15, 222, 3),
(130, 15, 223, 4),
(131, 15, 224, 5),
(132, 15, 225, 6),
(133, 16, 228, 1),
(134, 16, 229, 2),
(135, 16, 230, 3),
(136, 16, 231, 4),
(137, 16, 232, 5),
(138, 16, 233, 6),
(139, 17, 236, 1),
(140, 17, 237, 2),
(141, 17, 238, 3),
(142, 17, 239, 4),
(143, 17, 240, 5),
(144, 17, 241, 6),
(145, 17, 242, 7),
(146, 17, 243, 8),
(147, 17, 244, 9),
(148, 17, 245, 10),
(149, 18, 248, 1),
(150, 18, 249, 2),
(151, 18, 250, 3),
(152, 18, 251, 4),
(153, 19, 254, 1),
(154, 19, 255, 2),
(155, 19, 256, 3),
(156, 19, 257, 4),
(157, 19, 258, 5),
(158, 19, 259, 6),
(159, 19, 260, 7),
(160, 19, 261, 8),
(161, 20, 264, 1),
(162, 20, 265, 2),
(163, 20, 266, 3),
(164, 20, 267, 4),
(165, 20, 268, 5),
(166, 20, 269, 6),
(167, 20, 270, 7),
(168, 20, 271, 8),
(169, 20, 272, 9),
(170, 20, 273, 10),
(171, 21, 281, 1),
(172, 21, 282, 2),
(173, 21, 283, 3),
(174, 21, 284, 4),
(175, 21, 285, 5),
(176, 21, 286, 6),
(177, 21, 287, 7),
(178, 21, 288, 8),
(179, 21, 289, 9),
(180, 21, 290, 10),
(181, 21, 291, 11),
(182, 22, 298, 1),
(183, 22, 299, 2),
(184, 22, 300, 3),
(185, 22, 301, 4),
(186, 22, 302, 5),
(187, 22, 303, 6),
(188, 22, 304, 7),
(189, 23, 312, 1),
(190, 23, 313, 2),
(191, 23, 314, 3),
(192, 23, 315, 4),
(193, 23, 316, 5),
(194, 23, 317, 6),
(195, 23, 318, 7),
(196, 23, 319, 8),
(197, 23, 320, 9),
(198, 23, 321, 10),
(199, 23, 322, 11),
(200, 23, 323, 12),
(201, 23, 324, 13),
(202, 23, 325, 14),
(203, 23, 326, 15),
(204, 23, 327, 16),
(205, 23, 328, 17),
(206, 23, 329, 18),
(207, 23, 330, 19),
(208, 23, 331, 20),
(209, 23, 332, 21),
(210, 23, 333, 22),
(211, 24, 343, 1),
(212, 24, 344, 2),
(213, 24, 345, 3),
(214, 24, 346, 4),
(215, 24, 347, 5),
(216, 24, 348, 6),
(217, 24, 349, 7),
(218, 24, 350, 8),
(219, 24, 351, 9),
(220, 24, 352, 10),
(221, 24, 353, 11),
(222, 24, 354, 12),
(223, 24, 355, 13),
(224, 24, 356, 14),
(225, 24, 357, 15),
(226, 24, 358, 16),
(227, 24, 359, 17),
(228, 25, 368, 1),
(229, 25, 369, 2),
(230, 25, 370, 3),
(231, 25, 371, 4),
(232, 25, 372, 5),
(233, 25, 373, 6),
(234, 25, 374, 7),
(235, 25, 375, 8),
(236, 25, 376, 9),
(237, 25, 377, 10),
(238, 25, 378, 11),
(239, 25, 379, 12),
(240, 25, 380, 13),
(241, 25, 381, 14),
(242, 25, 382, 15),
(243, 25, 383, 16),
(244, 26, 389, 1),
(245, 26, 390, 2),
(246, 26, 391, 3),
(247, 26, 392, 4),
(248, 26, 393, 5),
(249, 26, 394, 6),
(250, 26, 395, 7),
(251, 26, 396, 8),
(252, 26, 397, 9),
(253, 26, 398, 10),
(254, 26, 399, 11),
(255, 26, 400, 12),
(256, 26, 401, 13),
(257, 27, 406, 1),
(258, 27, 407, 2),
(259, 27, 408, 3),
(260, 27, 409, 4),
(261, 27, 410, 5),
(262, 27, 411, 6),
(263, 27, 412, 7),
(264, 27, 413, 8),
(265, 27, 414, 9),
(266, 27, 415, 10),
(267, 27, 416, 11),
(268, 27, 417, 12),
(269, 27, 418, 13),
(270, 27, 419, 14),
(271, 27, 420, 15),
(272, 27, 421, 16),
(273, 27, 422, 17),
(274, 27, 423, 18),
(275, 28, 431, 1),
(276, 28, 432, 2),
(277, 28, 433, 3),
(278, 28, 434, 4),
(279, 28, 435, 5),
(280, 28, 436, 6),
(281, 28, 437, 7),
(282, 28, 438, 8),
(283, 28, 439, 9),
(284, 28, 440, 10),
(285, 28, 441, 11),
(286, 28, 442, 12),
(287, 28, 443, 13),
(288, 28, 444, 14),
(289, 29, 452, 1),
(290, 29, 453, 2),
(291, 29, 454, 3),
(292, 29, 455, 4),
(293, 29, 456, 5),
(294, 29, 457, 6),
(295, 29, 458, 7),
(296, 29, 459, 8),
(297, 29, 460, 9),
(298, 29, 461, 10),
(299, 29, 462, 11),
(300, 30, 473, 1),
(301, 30, 474, 2),
(302, 30, 475, 3),
(303, 30, 476, 4),
(304, 30, 477, 5),
(305, 30, 478, 6),
(306, 30, 479, 7),
(307, 30, 480, 8),
(308, 30, 481, 9),
(309, 31, 488, 1),
(310, 31, 489, 2),
(311, 31, 490, 3),
(312, 31, 491, 4),
(313, 31, 492, 5),
(314, 31, 493, 6),
(315, 31, 494, 7),
(316, 31, 495, 8),
(317, 31, 496, 9),
(318, 31, 497, 10),
(319, 31, 498, 11),
(320, 31, 499, 12),
(321, 31, 500, 13),
(322, 31, 501, 14),
(323, 32, 507, 1),
(324, 32, 508, 2),
(325, 32, 509, 3),
(326, 32, 510, 4),
(327, 32, 511, 5),
(328, 32, 512, 6),
(329, 32, 513, 7),
(330, 32, 514, 8),
(331, 32, 515, 9),
(332, 33, 519, 1),
(333, 33, 520, 2),
(334, 33, 521, 3),
(335, 33, 522, 4),
(336, 33, 523, 5),
(337, 33, 524, 6),
(338, 34, 532, 1),
(339, 34, 533, 2),
(340, 34, 534, 3),
(341, 34, 535, 4),
(342, 34, 536, 5),
(343, 34, 537, 6),
(344, 34, 538, 7),
(345, 34, 539, 8),
(346, 34, 540, 9),
(347, 34, 541, 10),
(348, 34, 542, 11),
(349, 34, 543, 12),
(350, 34, 544, 13),
(351, 34, 545, 14),
(352, 34, 546, 15),
(353, 35, 551, 1),
(354, 35, 552, 2),
(355, 35, 553, 3),
(356, 35, 554, 4),
(357, 35, 555, 5),
(358, 35, 556, 6),
(359, 35, 557, 7),
(360, 35, 558, 8),
(361, 35, 559, 9),
(362, 35, 560, 10),
(363, 35, 561, 11),
(364, 35, 562, 12),
(365, 35, 563, 13),
(366, 35, 564, 14),
(367, 35, 565, 15),
(368, 35, 566, 16),
(369, 35, 567, 17),
(370, 35, 568, 18),
(371, 36, 574, 1),
(372, 36, 575, 2),
(373, 36, 576, 3),
(374, 36, 577, 4),
(375, 36, 578, 5),
(376, 36, 579, 6),
(377, 36, 580, 7),
(378, 36, 581, 8),
(379, 36, 582, 9),
(380, 36, 583, 10),
(381, 36, 584, 11),
(382, 36, 585, 12),
(383, 36, 586, 13),
(384, 36, 587, 14),
(385, 37, 593, 1),
(386, 37, 594, 2),
(387, 37, 595, 3),
(388, 37, 596, 4),
(389, 37, 597, 5),
(390, 37, 598, 6),
(391, 37, 599, 7),
(392, 37, 600, 8),
(393, 37, 601, 9),
(394, 37, 602, 10),
(395, 37, 603, 11),
(396, 37, 604, 12),
(397, 37, 605, 13),
(398, 37, 606, 14),
(399, 38, 613, 1),
(400, 38, 614, 2),
(401, 38, 615, 3),
(402, 38, 616, 4),
(403, 38, 617, 5),
(404, 38, 618, 6),
(405, 38, 619, 7),
(406, 38, 620, 8),
(407, 38, 621, 9),
(408, 38, 622, 10),
(409, 38, 623, 11),
(410, 38, 624, 12),
(411, 38, 625, 13),
(412, 38, 626, 14),
(413, 39, 631, 1),
(414, 39, 632, 2),
(415, 39, 633, 3),
(416, 39, 634, 4),
(417, 39, 635, 5),
(418, 39, 636, 6),
(419, 39, 637, 7),
(420, 39, 638, 8),
(421, 39, 639, 9),
(422, 39, 640, 10),
(423, 39, 641, 11),
(424, 39, 642, 12),
(425, 39, 643, 13),
(426, 39, 644, 14),
(427, 39, 645, 15),
(428, 39, 646, 16),
(429, 39, 647, 17),
(430, 39, 648, 18),
(431, 39, 649, 19),
(432, 40, 655, 1),
(433, 40, 656, 2),
(434, 40, 657, 3),
(435, 40, 658, 4),
(436, 40, 659, 5),
(437, 40, 660, 6),
(438, 40, 661, 7),
(439, 40, 662, 8),
(440, 40, 663, 9),
(441, 40, 664, 10),
(442, 40, 665, 11),
(443, 40, 666, 12),
(444, 40, 667, 13),
(445, 40, 668, 14),
(446, 41, 674, 1),
(447, 41, 675, 2),
(448, 41, 676, 3),
(449, 41, 677, 4),
(450, 41, 678, 5),
(451, 41, 679, 6),
(452, 41, 680, 7),
(453, 41, 681, 8),
(454, 41, 682, 9),
(455, 41, 683, 10),
(456, 41, 684, 11),
(457, 41, 685, 12),
(458, 42, 693, 1),
(459, 42, 694, 2),
(460, 42, 695, 3),
(461, 42, 696, 4),
(462, 42, 697, 5),
(463, 42, 698, 6),
(464, 42, 699, 7),
(465, 42, 700, 8),
(466, 42, 701, 9),
(467, 42, 702, 10),
(468, 42, 703, 11),
(469, 42, 704, 12),
(470, 42, 705, 13),
(471, 43, 712, 1),
(472, 43, 713, 2),
(473, 43, 714, 3),
(474, 43, 715, 4),
(475, 43, 716, 5),
(476, 43, 717, 6),
(477, 43, 718, 7),
(478, 43, 719, 8),
(479, 43, 720, 9),
(480, 43, 721, 10),
(481, 43, 722, 11),
(482, 43, 723, 12),
(483, 44, 729, 1),
(484, 44, 730, 2),
(485, 44, 731, 3),
(486, 44, 732, 4),
(487, 44, 733, 5),
(488, 44, 734, 6),
(489, 44, 735, 7),
(490, 44, 736, 8),
(491, 44, 737, 9),
(492, 45, 744, 1),
(493, 45, 745, 2),
(494, 45, 746, 3),
(495, 45, 747, 4),
(496, 45, 748, 5),
(497, 45, 749, 6),
(498, 45, 750, 7),
(499, 45, 751, 8),
(500, 45, 752, 9),
(501, 45, 753, 10),
(502, 45, 754, 11),
(503, 45, 755, 12),
(504, 45, 756, 13),
(505, 46, 763, 1),
(506, 46, 764, 2),
(507, 46, 765, 3),
(508, 46, 766, 4),
(509, 46, 767, 5),
(510, 46, 768, 6),
(511, 46, 769, 7),
(512, 46, 770, 8),
(513, 46, 771, 9),
(514, 46, 772, 10),
(515, 46, 773, 11),
(516, 47, 780, 1),
(517, 47, 781, 2),
(518, 47, 782, 3),
(519, 47, 783, 4),
(520, 47, 784, 5),
(521, 47, 785, 6),
(522, 47, 786, 7),
(523, 47, 787, 8),
(524, 47, 788, 9),
(525, 48, 795, 1),
(526, 48, 796, 2),
(527, 48, 797, 3),
(528, 48, 798, 4),
(529, 48, 799, 5),
(530, 48, 800, 6),
(531, 48, 801, 7),
(532, 48, 802, 8),
(533, 48, 803, 9),
(534, 49, 810, 1),
(535, 49, 811, 2),
(536, 49, 812, 3),
(537, 49, 813, 4),
(538, 49, 814, 5),
(539, 49, 815, 6),
(540, 49, 816, 7),
(541, 49, 817, 8),
(542, 50, 824, 1),
(543, 50, 825, 2),
(544, 50, 826, 3),
(545, 50, 827, 4),
(546, 50, 828, 5),
(547, 50, 829, 6),
(548, 50, 830, 7),
(549, 50, 831, 8),
(550, 51, 838, 1),
(551, 51, 839, 2),
(552, 51, 840, 3),
(553, 51, 841, 4),
(554, 51, 842, 5),
(555, 51, 843, 6),
(556, 51, 844, 7),
(557, 51, 845, 8),
(558, 52, 852, 1),
(559, 52, 853, 2),
(560, 52, 854, 3),
(561, 52, 855, 4),
(562, 52, 856, 5),
(563, 52, 857, 6),
(564, 52, 858, 7),
(565, 52, 859, 8),
(566, 52, 860, 9),
(567, 52, 861, 10),
(568, 52, 862, 11),
(569, 52, 863, 12),
(570, 52, 864, 13),
(571, 52, 865, 14),
(572, 52, 866, 15),
(573, 52, 867, 16),
(574, 52, 868, 17),
(575, 52, 869, 18),
(576, 52, 870, 19),
(577, 52, 871, 20),
(578, 52, 872, 21),
(579, 52, 873, 22),
(580, 52, 874, 23),
(581, 52, 875, 24),
(582, 53, 882, 1),
(583, 53, 883, 2),
(584, 53, 884, 3),
(585, 53, 885, 4),
(586, 53, 886, 5),
(587, 53, 887, 6),
(588, 53, 888, 7),
(589, 53, 889, 8),
(590, 53, 890, 9),
(591, 54, 896, 1),
(592, 54, 897, 2),
(593, 54, 898, 3),
(594, 54, 899, 4),
(595, 54, 900, 5),
(596, 54, 901, 6),
(597, 54, 902, 7),
(598, 54, 903, 8),
(599, 54, 904, 9),
(600, 54, 905, 10),
(601, 54, 906, 11),
(602, 55, 913, 1),
(603, 55, 914, 2),
(604, 55, 915, 3),
(605, 55, 916, 4),
(606, 55, 917, 5),
(607, 55, 918, 6),
(608, 55, 919, 7),
(609, 55, 920, 8),
(610, 55, 921, 9),
(611, 55, 922, 10),
(612, 55, 923, 11),
(613, 55, 924, 12),
(614, 55, 925, 13),
(615, 56, 931, 1),
(616, 56, 932, 2),
(617, 56, 933, 3),
(618, 56, 934, 4),
(619, 56, 935, 5),
(620, 56, 936, 6),
(621, 56, 937, 7),
(622, 56, 938, 8),
(623, 56, 939, 9),
(624, 56, 940, 10),
(625, 56, 941, 11),
(626, 56, 942, 12),
(627, 56, 943, 13),
(628, 56, 944, 14),
(629, 57, 951, 1),
(630, 57, 952, 2),
(631, 57, 953, 3),
(632, 57, 954, 4),
(633, 57, 955, 5),
(634, 57, 956, 6),
(635, 57, 957, 7),
(636, 57, 958, 8),
(637, 57, 959, 9),
(638, 57, 960, 10),
(639, 57, 961, 11),
(640, 57, 962, 12),
(641, 57, 963, 13),
(642, 57, 964, 14),
(643, 57, 965, 15),
(644, 57, 966, 16),
(645, 58, 973, 1),
(646, 58, 974, 2),
(647, 58, 975, 3),
(648, 58, 976, 4),
(649, 58, 977, 5),
(650, 58, 978, 6),
(651, 58, 979, 7),
(652, 58, 980, 8),
(653, 58, 981, 9),
(654, 59, 989, 1),
(655, 59, 990, 2),
(656, 59, 991, 3),
(657, 59, 992, 4),
(658, 59, 993, 5),
(659, 59, 994, 6),
(660, 59, 995, 7),
(661, 59, 996, 8),
(662, 59, 997, 9),
(663, 59, 998, 10),
(664, 59, 999, 11),
(665, 59, 1000, 12),
(666, 59, 1001, 13),
(667, 59, 1002, 14),
(668, 59, 1003, 15),
(669, 60, 1006, 1),
(670, 60, 1007, 2),
(671, 60, 1008, 3),
(672, 60, 1009, 4),
(673, 60, 1010, 5),
(674, 60, 1011, 6),
(675, 60, 1012, 7),
(676, 60, 1013, 8),
(677, 60, 1014, 9),
(678, 61, 1020, 1),
(679, 61, 1021, 2),
(680, 61, 1022, 3),
(681, 61, 1023, 4),
(682, 61, 1024, 5),
(683, 61, 1025, 6),
(684, 61, 1026, 7),
(685, 61, 1027, 8),
(686, 61, 1028, 9),
(687, 61, 1029, 10),
(688, 61, 1030, 11),
(689, 61, 1031, 12),
(690, 62, 1038, 1),
(691, 62, 1039, 2),
(692, 62, 1040, 3),
(693, 62, 1041, 4),
(694, 62, 1042, 5),
(695, 62, 1043, 6),
(696, 63, 1049, 1),
(697, 63, 1050, 2),
(698, 63, 1051, 3),
(699, 63, 1052, 4),
(700, 63, 1053, 5),
(701, 63, 1054, 6),
(702, 63, 1055, 7),
(703, 63, 1056, 8),
(704, 64, 1062, 1),
(705, 64, 1063, 2),
(706, 64, 1064, 3),
(707, 64, 1065, 4),
(708, 64, 1066, 5),
(709, 64, 1067, 6),
(710, 64, 1068, 7),
(711, 64, 1069, 8),
(712, 64, 1070, 9),
(713, 64, 1071, 10),
(714, 64, 1072, 11),
(715, 64, 1073, 12),
(716, 64, 1074, 13),
(717, 64, 1075, 14),
(718, 64, 1076, 15),
(719, 64, 1077, 16),
(720, 65, 1084, 1),
(721, 65, 1085, 2),
(722, 65, 1086, 3),
(723, 65, 1087, 4),
(724, 65, 1088, 5),
(725, 65, 1089, 6),
(726, 65, 1090, 7),
(727, 65, 1091, 8),
(728, 65, 1092, 9),
(729, 65, 1093, 10),
(730, 65, 1094, 11),
(731, 66, 1100, 1),
(732, 66, 1101, 2),
(733, 66, 1102, 3),
(734, 66, 1103, 4),
(735, 66, 1104, 5),
(736, 66, 1105, 6),
(737, 66, 1106, 7),
(738, 66, 1107, 8),
(739, 66, 1108, 9),
(740, 66, 1109, 10),
(741, 66, 1110, 11),
(742, 66, 1111, 12),
(743, 66, 1112, 13),
(744, 66, 1113, 14),
(745, 66, 1114, 15),
(746, 66, 1115, 16),
(747, 66, 1116, 17),
(748, 66, 1117, 18),
(749, 66, 1118, 19),
(750, 66, 1119, 20),
(751, 67, 1125, 1),
(752, 67, 1126, 2),
(753, 67, 1127, 3),
(754, 67, 1128, 4),
(755, 67, 1129, 5),
(756, 67, 1130, 6),
(757, 67, 1131, 7),
(758, 67, 1132, 8),
(759, 67, 1133, 9),
(760, 67, 1134, 10),
(761, 67, 1135, 11),
(762, 68, 1142, 1),
(763, 68, 1143, 2),
(764, 68, 1144, 3),
(765, 68, 1145, 4),
(766, 68, 1146, 5),
(767, 68, 1147, 6),
(768, 68, 1148, 7),
(769, 68, 1149, 8),
(770, 68, 1150, 9),
(771, 68, 1151, 10),
(772, 68, 1152, 11),
(773, 68, 1153, 12),
(774, 68, 1154, 13),
(775, 69, 1162, 1),
(776, 69, 1163, 2),
(777, 69, 1164, 3),
(778, 69, 1165, 4),
(779, 69, 1166, 5),
(780, 69, 1167, 6),
(781, 69, 1168, 7),
(782, 69, 1169, 8),
(783, 69, 1170, 9),
(784, 69, 1171, 10),
(785, 70, 1179, 1),
(786, 70, 1180, 2),
(787, 70, 1181, 3),
(788, 70, 1182, 4),
(789, 70, 1183, 5),
(790, 70, 1184, 6),
(791, 70, 1185, 7),
(792, 70, 1186, 8),
(793, 70, 1187, 9),
(794, 70, 1188, 10),
(795, 70, 1189, 11),
(796, 70, 1190, 12),
(797, 70, 1191, 13),
(798, 71, 1207, 1),
(799, 71, 1208, 2),
(800, 71, 1209, 3),
(801, 71, 1210, 4),
(802, 71, 1211, 5),
(803, 71, 1212, 6),
(804, 71, 1213, 7),
(805, 71, 1214, 8),
(806, 71, 1215, 9),
(807, 71, 1216, 10),
(808, 71, 1217, 11),
(809, 72, 1227, 1),
(810, 72, 1228, 2),
(811, 72, 1229, 3),
(812, 72, 1230, 4),
(813, 72, 1231, 5),
(814, 72, 1232, 6),
(815, 72, 1233, 7),
(816, 72, 1234, 8),
(817, 72, 1235, 9),
(818, 72, 1236, 10),
(819, 72, 1237, 11),
(820, 72, 1238, 12),
(821, 72, 1239, 13),
(822, 72, 1240, 14),
(823, 73, 1250, 1),
(824, 73, 1251, 2),
(825, 73, 1252, 3),
(826, 73, 1253, 4),
(827, 73, 1254, 5),
(828, 73, 1255, 6),
(829, 73, 1256, 7),
(830, 73, 1257, 8),
(831, 73, 1258, 9),
(832, 73, 1259, 10),
(833, 73, 1260, 11),
(834, 73, 1261, 12),
(835, 73, 1262, 13),
(836, 74, 1271, 1),
(837, 74, 1272, 2),
(838, 74, 1273, 3),
(839, 74, 1274, 4),
(840, 74, 1275, 5),
(841, 74, 1276, 6),
(842, 74, 1277, 7),
(843, 74, 1278, 8),
(844, 74, 1279, 9),
(845, 74, 1280, 10),
(846, 74, 1281, 11),
(847, 74, 1282, 12),
(848, 74, 1283, 13),
(849, 74, 1284, 14),
(850, 75, 1292, 1),
(851, 75, 1293, 2),
(852, 75, 1294, 3),
(853, 75, 1295, 4),
(854, 75, 1296, 5),
(855, 75, 1297, 6),
(856, 75, 1298, 7),
(857, 75, 1299, 8),
(858, 75, 1300, 9),
(859, 75, 1301, 10),
(860, 75, 1302, 11),
(861, 75, 1303, 12),
(862, 75, 1304, 13),
(863, 75, 1305, 14),
(864, 75, 1306, 15),
(865, 76, 1317, 1),
(866, 76, 1318, 2),
(867, 76, 1319, 3),
(868, 76, 1320, 4),
(869, 76, 1321, 5),
(870, 76, 1322, 6),
(871, 76, 1323, 7),
(872, 76, 1324, 8),
(873, 76, 1325, 9),
(874, 76, 1326, 10),
(875, 76, 1327, 11),
(876, 76, 1328, 12),
(877, 76, 1329, 13),
(878, 76, 1330, 14),
(879, 76, 1331, 15),
(880, 76, 1332, 16),
(881, 76, 1333, 17),
(882, 76, 1334, 18),
(883, 76, 1335, 19),
(884, 76, 1336, 20),
(885, 76, 1337, 21),
(886, 76, 1338, 22),
(887, 76, 1339, 23),
(888, 76, 1340, 24),
(889, 76, 1341, 25),
(890, 76, 1342, 26),
(891, 76, 1343, 27),
(892, 76, 1344, 28),
(893, 77, 1352, 1),
(894, 77, 1353, 2),
(895, 77, 1354, 3),
(896, 77, 1355, 4),
(897, 77, 1356, 5),
(898, 77, 1357, 6),
(899, 77, 1358, 7),
(900, 77, 1359, 8),
(901, 77, 1360, 9),
(902, 77, 1361, 10),
(903, 77, 1362, 11),
(904, 77, 1363, 12),
(905, 77, 1364, 13),
(906, 77, 1365, 14),
(907, 77, 1366, 15),
(908, 78, 1374, 1),
(909, 78, 1375, 2),
(910, 78, 1376, 3),
(911, 78, 1377, 4),
(912, 78, 1378, 5),
(913, 78, 1379, 6),
(914, 78, 1380, 7),
(915, 78, 1381, 8),
(916, 78, 1382, 9),
(917, 78, 1383, 10),
(918, 78, 1384, 11),
(919, 78, 1385, 12),
(920, 79, 1393, 1),
(921, 79, 1394, 2),
(922, 79, 1395, 3),
(923, 79, 1396, 4),
(924, 79, 1397, 5),
(925, 79, 1398, 6),
(926, 79, 1399, 7),
(927, 79, 1400, 8),
(928, 79, 1401, 9),
(929, 79, 1402, 10),
(930, 79, 1403, 11),
(931, 79, 1404, 12),
(932, 79, 1405, 13),
(933, 79, 1406, 14),
(934, 79, 1407, 15),
(935, 79, 1408, 16),
(936, 79, 1409, 17),
(937, 79, 1410, 18),
(938, 79, 1411, 19),
(939, 79, 1412, 20),
(940, 79, 1413, 21),
(941, 79, 1414, 22),
(942, 79, 1415, 23),
(943, 79, 1416, 24),
(944, 79, 1417, 25),
(945, 79, 1418, 26),
(946, 79, 1419, 27),
(947, 79, 1420, 28),
(948, 79, 1421, 29),
(949, 79, 1422, 30),
(950, 80, 1435, 1),
(951, 80, 1436, 2),
(952, 80, 1437, 3),
(953, 80, 1438, 4),
(954, 81, 1442, 1),
(955, 81, 1443, 2),
(956, 81, 1444, 3),
(957, 81, 1445, 4),
(958, 81, 1446, 5),
(959, 81, 1447, 6),
(960, 81, 1448, 7),
(961, 81, 1449, 8),
(962, 81, 1450, 9),
(963, 81, 1451, 10),
(964, 81, 1452, 11),
(965, 81, 1453, 12),
(966, 81, 1454, 13),
(967, 81, 1455, 14),
(968, 81, 1456, 15),
(969, 81, 1457, 16),
(970, 81, 1458, 17),
(971, 81, 1459, 18),
(972, 81, 1460, 19),
(973, 81, 1461, 20),
(974, 81, 1462, 21),
(975, 81, 1463, 22),
(976, 81, 1464, 23),
(977, 81, 1465, 24),
(978, 81, 1466, 25),
(979, 81, 1467, 26),
(980, 81, 1468, 27),
(981, 81, 1469, 28),
(982, 81, 1470, 29),
(983, 81, 1471, 30),
(984, 81, 1472, 31),
(985, 81, 1473, 32),
(986, 81, 1474, 33),
(987, 81, 1475, 34),
(988, 81, 1476, 35),
(989, 81, 1477, 36),
(990, 81, 1478, 37),
(991, 81, 1479, 38),
(992, 81, 1480, 39),
(993, 81, 1481, 40),
(994, 81, 1482, 41),
(995, 81, 1483, 42),
(996, 81, 1484, 43),
(997, 81, 1485, 44),
(998, 81, 1486, 45),
(999, 81, 1487, 46),
(1000, 81, 1488, 47),
(1001, 81, 1489, 48),
(1002, 81, 1490, 49),
(1003, 81, 1491, 50),
(1004, 81, 1492, 51),
(1005, 81, 1493, 52),
(1006, 81, 1494, 53),
(1007, 81, 1495, 54),
(1008, 81, 1496, 55),
(1009, 81, 1497, 56),
(1010, 81, 1498, 57),
(1011, 81, 1499, 58),
(1012, 81, 1500, 59),
(1013, 81, 1501, 60),
(1014, 81, 1502, 61),
(1015, 81, 1503, 62),
(1016, 81, 1504, 63),
(1017, 81, 1505, 64),
(1018, 81, 1506, 65),
(1019, 81, 1507, 66),
(1020, 81, 1508, 67),
(1021, 81, 1509, 68),
(1022, 81, 1510, 69),
(1023, 81, 1511, 70),
(1024, 81, 1512, 71),
(1025, 81, 1513, 72),
(1026, 81, 1514, 73),
(1027, 81, 1515, 74),
(1028, 81, 1516, 75),
(1029, 81, 1517, 76),
(1030, 81, 1518, 77),
(1031, 82, 1528, 1),
(1032, 82, 1529, 2),
(1033, 82, 1530, 3),
(1034, 82, 1531, 4),
(1035, 82, 1532, 5),
(1036, 82, 1533, 6),
(1037, 82, 1534, 7),
(1038, 82, 1535, 8),
(1039, 82, 1536, 9),
(1040, 82, 1537, 10),
(1041, 82, 1538, 11),
(1042, 82, 1539, 12),
(1043, 82, 1540, 13),
(1044, 82, 1541, 14),
(1045, 82, 1542, 15),
(1046, 82, 1543, 16),
(1047, 82, 1544, 17),
(1048, 82, 1545, 18),
(1049, 82, 1546, 19),
(1050, 82, 1547, 20),
(1051, 82, 1548, 21),
(1052, 82, 1549, 22),
(1053, 82, 1550, 23),
(1054, 82, 1551, 24),
(1055, 82, 1552, 25),
(1056, 82, 1553, 26),
(1057, 82, 1554, 27),
(1058, 82, 1555, 28),
(1059, 82, 1556, 29),
(1060, 82, 1557, 30),
(1061, 82, 1558, 31),
(1062, 82, 1559, 32),
(1063, 82, 1560, 33),
(1064, 82, 1561, 34),
(1065, 82, 1562, 35),
(1066, 82, 1563, 36),
(1067, 82, 1564, 37),
(1068, 82, 1565, 38),
(1069, 82, 1566, 39),
(1070, 82, 1567, 40),
(1071, 82, 1568, 41),
(1072, 82, 1569, 42),
(1073, 82, 1570, 43),
(1074, 82, 1571, 44),
(1075, 82, 1572, 45),
(1076, 82, 1573, 46),
(1077, 82, 1574, 47),
(1078, 82, 1575, 48),
(1079, 82, 1576, 49),
(1080, 82, 1577, 50),
(1081, 82, 1578, 51),
(1082, 82, 1579, 52),
(1083, 82, 1580, 53),
(1084, 82, 1581, 54),
(1085, 82, 1582, 55),
(1086, 82, 1583, 56),
(1087, 82, 1584, 57),
(1088, 82, 1585, 58),
(1089, 82, 1586, 59),
(1090, 82, 1587, 60),
(1091, 83, 1602, 1),
(1092, 83, 1603, 2),
(1093, 83, 1604, 3),
(1094, 83, 1605, 4),
(1095, 83, 1606, 5),
(1096, 83, 1607, 6),
(1097, 83, 1608, 7),
(1098, 83, 1609, 8),
(1099, 83, 1610, 9),
(1100, 83, 1611, 10),
(1101, 83, 1612, 11),
(1102, 83, 1613, 12),
(1103, 83, 1614, 13),
(1104, 83, 1615, 14),
(1105, 83, 1616, 15),
(1106, 83, 1617, 16),
(1107, 83, 1618, 17),
(1108, 83, 1619, 18),
(1109, 83, 1620, 19),
(1110, 83, 1621, 20),
(1111, 83, 1622, 21),
(1112, 83, 1623, 22),
(1113, 83, 1624, 23),
(1114, 83, 1625, 24),
(1115, 83, 1626, 25),
(1116, 84, 1638, 1),
(1117, 84, 1639, 2),
(1118, 84, 1640, 3),
(1119, 84, 1641, 4),
(1120, 84, 1642, 5),
(1121, 84, 1643, 6),
(1122, 84, 1644, 7),
(1123, 84, 1645, 8),
(1124, 84, 1646, 9),
(1125, 84, 1647, 10),
(1126, 84, 1648, 11),
(1127, 84, 1649, 12),
(1128, 84, 1650, 13),
(1129, 84, 1651, 14),
(1130, 84, 1652, 15),
(1131, 84, 1653, 16),
(1132, 84, 1654, 17),
(1133, 85, 1657, 1),
(1134, 85, 1658, 2),
(1135, 85, 1659, 3),
(1136, 85, 1660, 4),
(1137, 85, 1661, 5),
(1138, 85, 1662, 6),
(1139, 85, 1663, 7),
(1140, 85, 1664, 8),
(1141, 85, 1665, 9),
(1142, 85, 1666, 10),
(1143, 85, 1667, 11),
(1144, 85, 1668, 12),
(1145, 85, 1669, 13),
(1146, 85, 1670, 14);

-- --------------------------------------------------------

--
-- Cấu trúc bảng cho bảng `gps_point`
--

CREATE TABLE `gps_point` (
  `id` int(11) NOT NULL,
  `timestamp` timestamp NOT NULL DEFAULT CURRENT_TIMESTAMP,
  `deviation` double(20,16) DEFAULT NULL,
  `point_id` int(11) NOT NULL,
  `vehicle_id` int(11) NOT NULL
) ENGINE=MyISAM DEFAULT CHARSET=utf8 COLLATE=utf8_unicode_ci;

--
-- Đang đổ dữ liệu cho bảng `gps_point`
--

INSERT INTO `gps_point` (`id`, `timestamp`, `deviation`, `point_id`, `vehicle_id`) VALUES
(1, '2021-01-05 08:32:11', 0.0000000000000000, 275, 16),
(2, '2021-01-05 08:32:15', 0.0000000000000000, 276, 16),
(3, '2021-01-05 08:32:18', 0.0000000000000000, 277, 16),
(4, '2021-01-05 08:32:21', 0.0000000000000000, 278, 16),
(5, '2021-01-05 08:32:24', 0.0000000000000000, 279, 16),
(6, '2021-01-05 08:41:36', 0.0016422854840724, 293, 16),
(7, '2021-01-05 08:41:50', 0.0028324276664058, 294, 16),
(8, '2021-01-05 08:41:51', 0.0030464864660278, 295, 16),
(9, '2021-01-05 08:41:52', 0.0025810298260473, 296, 16),
(10, '2021-01-05 09:02:54', 0.0015866376856187, 306, 16),
(11, '2021-01-05 09:02:55', 0.0029782150855515, 307, 16),
(12, '2021-01-05 09:02:56', 0.0038677245017502, 308, 16),
(13, '2021-01-05 09:02:56', 0.0043959970638268, 309, 16),
(14, '2021-01-05 09:02:57', 0.0042272484306200, 310, 16),
(15, '2021-01-05 09:03:26', 0.0004464316623443, 335, 16),
(16, '2021-01-05 09:03:27', 0.0042270925292497, 336, 16),
(17, '2021-01-05 09:03:27', 0.0047293571880336, 337, 16),
(18, '2021-01-05 09:03:27', 0.0023888053514444, 338, 16),
(19, '2021-01-05 09:03:28', 0.0007433037379606, 339, 16),
(20, '2021-01-05 09:03:28', 0.0005101926672796, 340, 16),
(21, '2021-01-05 09:03:29', 0.0004162000095816, 341, 16),
(22, '2021-01-05 09:03:57', 0.0003816652668728, 361, 16),
(23, '2021-01-05 09:03:58', 0.0032661030893856, 362, 16),
(24, '2021-01-05 09:03:59', 0.0012812692304547, 363, 16),
(25, '2021-01-05 09:04:00', 0.0022450972296161, 364, 16),
(26, '2021-01-05 09:04:00', 0.0035632379854698, 365, 16),
(27, '2021-01-05 09:05:40', 0.0000000000000000, 366, 16),
(28, '2021-01-05 09:05:44', 0.0000000000000000, 385, 16),
(29, '2021-01-05 09:05:47', 0.0000000000000000, 386, 16),
(30, '2021-01-05 09:05:51', 0.0000000000000000, 387, 16),
(31, '2021-01-05 09:08:52', 0.0014352930039673, 403, 16),
(32, '2021-01-05 09:08:53', 0.0022732932654218, 404, 16),
(33, '2021-01-05 09:13:07', 0.0005588452208395, 425, 16),
(34, '2021-01-05 09:13:07', 0.0010824623489309, 426, 16),
(35, '2021-01-05 09:13:08', 0.0003001249379201, 427, 16),
(36, '2021-01-05 09:13:09', 0.0003628770212513, 428, 16),
(37, '2021-01-05 09:13:09', 0.0006532373575256, 429, 16),
(38, '2021-01-05 09:16:10', 0.0007259690120899, 446, 16),
(39, '2021-01-05 09:16:11', 0.0018084084324837, 447, 16),
(40, '2021-01-05 09:16:12', 0.0024453972835304, 448, 16),
(41, '2021-01-05 09:16:12', 0.0026857773241997, 449, 16),
(42, '2021-01-05 09:16:13', 0.0004858302905949, 450, 16),
(43, '2021-01-05 09:19:36', 0.0001581980551626, 464, 16),
(44, '2021-01-05 09:19:37', 0.0002555528582842, 465, 16),
(45, '2021-01-05 09:19:38', 0.0002394292287135, 466, 16),
(46, '2021-01-05 09:19:39', 0.0002333912088059, 467, 16),
(47, '2021-01-05 09:19:39', 0.0002547442198065, 468, 16),
(48, '2021-01-05 09:19:40', 0.0001332230220957, 469, 16),
(49, '2021-01-05 09:19:41', 0.0001506302500414, 470, 16),
(50, '2021-01-05 09:19:41', 0.0001467900884155, 471, 16),
(51, '2021-01-05 09:20:21', 0.0005955103298688, 483, 16),
(52, '2021-01-05 09:20:22', 0.0014534334366088, 484, 16),
(53, '2021-01-05 09:20:23', 0.0005458419158849, 485, 16),
(54, '2021-01-05 09:20:24', 0.0004499227324727, 486, 16),
(55, '2021-01-05 09:21:37', 0.0008578213174024, 503, 16),
(56, '2021-01-05 09:21:38', 0.0015003735005929, 504, 16),
(57, '2021-01-05 09:21:38', 0.0007597952984542, 505, 16),
(58, '2021-01-05 09:24:21', 0.0008765961672431, 517, 16),
(59, '2021-01-05 09:26:01', 0.0007682907055865, 526, 16),
(60, '2021-01-05 09:26:02', 0.0002443658211587, 527, 16),
(61, '2021-01-05 09:26:03', 0.0006062366111021, 528, 16),
(62, '2021-01-05 09:26:03', 0.0003667589492960, 529, 16),
(63, '2021-01-05 09:26:46', 0.0000000000000000, 530, 16),
(64, '2021-01-05 09:26:49', 0.0000000000000000, 548, 16),
(65, '2021-01-05 09:26:53', 0.0000000000000000, 549, 16),
(66, '2021-01-05 09:27:18', 0.0002586554195566, 570, 16),
(67, '2021-01-05 09:27:20', 0.0001453015948765, 571, 16),
(68, '2021-01-05 09:27:20', 0.0009970970676485, 572, 16),
(69, '2021-01-05 09:28:49', 0.0006681884617664, 589, 16),
(70, '2021-01-05 09:28:50', 0.0003910963021714, 590, 16),
(71, '2021-01-05 09:28:50', 0.0003939690760412, 591, 16),
(72, '2021-01-05 09:30:27', 0.0003855450839072, 608, 16),
(73, '2021-01-05 09:30:27', 0.0003670578775704, 609, 16),
(74, '2021-01-05 09:30:28', 0.0004773760088323, 610, 16),
(75, '2021-01-05 09:30:29', 0.0002289626291259, 611, 16),
(76, '2021-01-05 09:31:58', 0.0008282924112329, 628, 16),
(77, '2021-01-05 09:31:59', 0.0005686416630936, 629, 16),
(78, '2021-01-05 09:34:27', 0.0014278243222975, 651, 16),
(79, '2021-01-05 09:34:28', 0.0011567667611959, 652, 16),
(80, '2021-01-05 09:34:28', 0.0016131772698255, 653, 16),
(81, '2021-01-05 09:40:06', 0.0015574940541844, 670, 16),
(82, '2021-01-05 09:40:06', 0.0034808942688072, 671, 16),
(83, '2021-01-05 09:40:07', 0.0023543078970922, 672, 16),
(84, '2021-01-05 09:43:25', 0.0009832354361876, 687, 16),
(85, '2021-01-05 09:43:26', 0.0001472873258657, 688, 16),
(86, '2021-01-05 09:43:26', 0.0003795624574694, 689, 16),
(87, '2021-01-05 09:43:27', 0.0004749528605236, 690, 16),
(88, '2021-01-05 09:43:27', 0.0008413758317191, 691, 16),
(89, '2021-01-05 09:44:08', 0.0006149159938484, 707, 16),
(90, '2021-01-05 09:44:09', 0.0003588149517107, 708, 16),
(91, '2021-01-05 09:44:09', 0.0002613542110260, 709, 16),
(92, '2021-01-05 09:44:10', 0.0003224565129083, 710, 16),
(93, '2021-01-05 09:44:49', 0.0005427697043248, 725, 16),
(94, '2021-01-05 09:44:49', 0.0005887567678711, 726, 16),
(95, '2021-01-05 09:44:50', 0.0003003514719144, 727, 16),
(96, '2021-01-05 09:45:13', 0.0007391279434596, 739, 16),
(97, '2021-01-05 09:45:14', 0.0005728371578074, 740, 16),
(98, '2021-01-05 09:45:14', 0.0005397925385414, 741, 16),
(99, '2021-01-05 09:45:15', 0.0012295197875970, 742, 16),
(100, '2021-01-05 09:45:59', 0.0005692399449584, 758, 16),
(101, '2021-01-05 09:46:00', 0.0003047603055155, 759, 16),
(102, '2021-01-05 09:46:00', 0.0002582690560969, 760, 16),
(103, '2021-01-05 09:46:01', 0.0002062955013667, 761, 16),
(104, '2021-01-05 09:46:47', 0.0002397324103595, 775, 16),
(105, '2021-01-05 09:46:47', 0.0003877394711158, 776, 16),
(106, '2021-01-05 09:46:48', 0.0003118928297301, 777, 16),
(107, '2021-01-05 09:46:48', 0.0002996180383313, 778, 16),
(108, '2021-01-05 09:47:40', 0.0004737673328594, 790, 16),
(109, '2021-01-05 09:47:41', 0.0004532101981411, 791, 16),
(110, '2021-01-05 09:47:42', 0.0003637344620207, 792, 16),
(111, '2021-01-05 09:47:42', 0.0008029854068153, 793, 16),
(112, '2021-01-05 09:49:41', 0.0005513907639042, 805, 16),
(113, '2021-01-05 09:49:42', 0.0003337836442080, 806, 16),
(114, '2021-01-05 09:49:43', 0.0002950588242566, 807, 16),
(115, '2021-01-05 09:49:43', 0.0003280441407812, 808, 16),
(116, '2021-01-05 09:55:15', 0.0005228162888841, 819, 16),
(117, '2021-01-05 09:55:16', 0.0002466110569895, 820, 16),
(118, '2021-01-05 09:55:17', 0.0003733607097308, 821, 16),
(119, '2021-01-05 09:55:17', 0.0007439662647746, 822, 16),
(120, '2021-01-05 09:57:10', 0.0003720537924834, 833, 16),
(121, '2021-01-05 09:57:11', 0.0003019931937340, 834, 16),
(122, '2021-01-05 09:57:11', 0.0002273791936810, 835, 16),
(123, '2021-01-05 09:57:12', 0.0015073985107563, 836, 16),
(124, '2021-01-05 09:57:42', 0.0004293032236022, 847, 16),
(125, '2021-01-05 09:57:42', 0.0004850472623018, 848, 16),
(126, '2021-01-05 09:57:43', 0.0004828581083456, 849, 16),
(127, '2021-01-05 09:57:43', 0.0015677738450112, 850, 16),
(128, '2021-01-05 09:58:42', 0.0010038348520768, 877, 16),
(129, '2021-01-05 09:58:43', 0.0003139953258440, 878, 16),
(130, '2021-01-05 09:58:44', 0.0003685459743214, 879, 16),
(131, '2021-01-05 09:58:44', 0.0012283483033640, 880, 16),
(132, '2021-01-05 09:59:57', 0.0006154815271937, 892, 16),
(133, '2021-01-05 09:59:58', 0.0005172150806749, 893, 16),
(134, '2021-01-05 09:59:58', 0.0003393478192623, 894, 16),
(135, '2021-01-05 10:00:50', 0.0011254129720861, 908, 16),
(136, '2021-01-05 10:00:50', 0.0005936796305742, 909, 16),
(137, '2021-01-05 10:00:50', 0.0004102583127896, 910, 16),
(138, '2021-01-05 10:00:51', 0.0005659381019963, 911, 16),
(139, '2021-01-05 10:01:32', 0.0005946802830377, 927, 16),
(140, '2021-01-05 10:01:33', 0.0002524800264782, 928, 16),
(141, '2021-01-05 10:01:33', 0.0002089733037047, 929, 16),
(142, '2021-01-05 10:02:24', 0.0005088217850092, 946, 16),
(143, '2021-01-05 10:02:25', 0.0006516831270058, 947, 16),
(144, '2021-01-05 10:02:25', 0.0006306661269867, 948, 16),
(145, '2021-01-05 10:02:26', 0.0008126890852651, 949, 16),
(146, '2021-01-05 10:03:38', 0.0005747397843272, 968, 16),
(147, '2021-01-05 10:03:39', 0.0003510777609335, 969, 16),
(148, '2021-01-05 10:03:39', 0.0009476890098806, 970, 16),
(149, '2021-01-05 10:03:39', 0.0002063883430329, 971, 16),
(150, '2021-01-05 10:03:57', 0.0010943358647467, 983, 16),
(151, '2021-01-05 10:03:58', 0.0009180590404596, 984, 16),
(152, '2021-01-05 10:03:59', 0.0008513954702727, 985, 16),
(153, '2021-01-05 10:03:59', 0.0004475966141912, 986, 16),
(154, '2021-01-05 10:05:43', 0.0000000000000000, 987, 16),
(155, '2021-01-05 10:05:47', 0.0008084606560553, 1016, 16),
(156, '2021-01-05 10:05:48', 0.0002917186262710, 1017, 16),
(157, '2021-01-05 10:05:48', 0.0003253892227372, 1018, 16),
(158, '2021-01-05 10:06:32', 0.0008850549856458, 1033, 16),
(159, '2021-01-05 10:06:33', 0.0008103587222800, 1034, 16),
(160, '2021-01-05 10:06:33', 0.0006485059350967, 1035, 16),
(161, '2021-01-05 10:06:35', 0.0081752663577733, 1036, 16),
(162, '2021-01-05 10:07:03', 0.0010864442562081, 1045, 16),
(163, '2021-01-05 10:07:04', 0.0007848425478711, 1046, 16),
(164, '2021-01-05 10:07:04', 0.0008145538334762, 1047, 16),
(165, '2021-01-05 10:07:29', 0.0018749266939410, 1058, 16),
(166, '2021-01-05 10:07:30', 0.0013232948360952, 1059, 16),
(167, '2021-01-05 10:07:30', 0.0007300549439400, 1060, 16),
(168, '2021-01-05 10:08:02', 0.0015779326446771, 1079, 16),
(169, '2021-01-05 10:08:02', 0.0012128227411522, 1080, 16),
(170, '2021-01-05 10:08:03', 0.0010343839126480, 1081, 16),
(171, '2021-01-05 10:08:03', 0.0002599425178120, 1082, 16),
(172, '2021-01-05 10:08:42', 0.0009036901482124, 1096, 16),
(173, '2021-01-05 10:08:43', 0.0003433253116718, 1097, 16),
(174, '2021-01-05 10:08:43', 0.0006261667861756, 1098, 16),
(175, '2021-01-05 10:11:34', 0.0007116946912226, 1121, 16),
(176, '2021-01-05 10:11:35', 0.0011539356603583, 1122, 16),
(177, '2021-01-05 10:11:36', 0.0002281324505034, 1123, 16),
(178, '2021-01-05 10:11:59', 0.0005836129881302, 1137, 17),
(179, '2021-01-05 10:11:59', 0.0003507142195107, 1138, 17),
(180, '2021-01-05 10:11:59', 0.0005437038815176, 1139, 17),
(181, '2021-01-05 10:12:00', 0.0005781040516993, 1140, 17),
(182, '2021-01-05 10:31:34', 0.0004331683020323, 1156, 16),
(183, '2021-01-05 10:31:34', 0.0003417655822256, 1157, 16),
(184, '2021-01-05 10:31:34', 0.0002051206368643, 1158, 16),
(185, '2021-01-05 10:31:35', 0.0001193807361317, 1159, 16),
(186, '2021-01-05 10:31:35', 0.0001487169973975, 1160, 16),
(187, '2021-01-05 10:53:25', 0.0000214356904419, 1173, 16),
(188, '2021-01-05 10:53:26', 0.0001817995397003, 1174, 16),
(189, '2021-01-05 10:53:28', 0.0007572586205321, 1175, 16),
(190, '2021-01-05 10:53:30', 0.0000432735462156, 1176, 16),
(191, '2021-01-05 10:53:32', 0.0001332445623196, 1177, 16),
(192, '2021-01-05 10:54:58', 0.0001425838797107, 1193, 16),
(193, '2021-01-05 10:54:58', 0.0001579827823967, 1194, 16),
(194, '2021-01-05 10:54:59', 0.0002448874123183, 1195, 16),
(195, '2021-01-05 10:54:59', 0.0001951000177781, 1196, 16),
(196, '2021-01-05 10:55:00', 0.0003091534040556, 1197, 16),
(197, '2021-01-05 10:55:01', 0.0006940297216102, 1198, 16),
(198, '2021-01-05 10:55:02', 0.0002688690622644, 1199, 16),
(199, '2021-01-05 10:55:03', 0.0001407412711103, 1200, 16),
(200, '2021-01-05 10:55:03', 0.0002676957298924, 1201, 16),
(201, '2021-01-05 10:55:04', 0.0001344283112326, 1202, 16),
(202, '2021-01-05 10:55:04', 0.0000822055411419, 1203, 16),
(203, '2021-01-05 10:55:05', 0.0002794720956116, 1204, 16),
(204, '2021-01-05 10:55:05', 0.0002896863491000, 1205, 16),
(205, '2021-01-05 11:01:29', 0.0001259084525422, 1219, 16),
(206, '2021-01-05 11:01:30', 0.0001144870835283, 1220, 16),
(207, '2021-01-05 11:01:30', 0.0005214266591808, 1221, 16),
(208, '2021-01-05 11:01:32', 0.0001783842608404, 1222, 16),
(209, '2021-01-05 11:01:32', 0.0004625095112963, 1223, 16),
(210, '2021-01-05 11:01:33', 0.0001646440886498, 1224, 16),
(211, '2021-01-05 11:01:34', 0.0001375100550913, 1225, 16),
(212, '2021-01-05 11:03:35', 0.0000482628912259, 1242, 16),
(213, '2021-01-05 11:03:36', 0.0001322447665803, 1243, 16),
(214, '2021-01-05 11:03:36', 0.0001293530928022, 1244, 16),
(215, '2021-01-05 11:03:37', 0.0003383737993160, 1245, 16),
(216, '2021-01-05 11:03:38', 0.0006627682608477, 1246, 16),
(217, '2021-01-05 11:03:38', 0.0002392261027103, 1247, 16),
(218, '2021-01-05 11:03:40', 0.0002419023413234, 1248, 16),
(219, '2021-01-05 11:04:14', 0.0001022079474369, 1264, 16),
(220, '2021-01-05 11:04:15', 0.0002475911087459, 1265, 16),
(221, '2021-01-05 11:04:15', 0.0004394304585096, 1266, 16),
(222, '2021-01-05 11:04:16', 0.0002263437877526, 1267, 16),
(223, '2021-01-05 11:04:17', 0.0003186425543890, 1268, 16),
(224, '2021-01-05 11:04:18', 0.0009745842559306, 1269, 16),
(225, '2021-01-05 11:08:56', 0.0001120091133662, 1286, 16),
(226, '2021-01-05 11:08:56', 0.0008212534193517, 1287, 16),
(227, '2021-01-05 11:08:57', 0.0005104885945426, 1288, 16),
(228, '2021-01-05 11:08:58', 0.0007381934904911, 1289, 16),
(229, '2021-01-05 11:08:59', 0.0003833949753710, 1290, 16),
(230, '2021-01-05 11:09:24', 0.0001201946578574, 1308, 16),
(231, '2021-01-05 11:09:25', 0.0001692678009397, 1309, 16),
(232, '2021-01-05 11:09:26', 0.0002607383918534, 1310, 16),
(233, '2021-01-05 11:09:26', 0.0003543496368462, 1311, 16),
(234, '2021-01-05 11:09:27', 0.0005540053071761, 1312, 16),
(235, '2021-01-05 11:09:28', 0.0012596485182414, 1313, 16),
(236, '2021-01-05 11:09:28', 0.0008936733756545, 1314, 16),
(237, '2021-01-05 11:09:30', 0.0021889113597964, 1315, 16),
(238, '2021-01-05 11:16:48', 0.0001612262953073, 1346, 18),
(239, '2021-01-05 11:16:49', 0.0006598061943020, 1347, 18),
(240, '2021-01-05 11:16:51', 0.0003256037546626, 1348, 18),
(241, '2021-01-05 11:16:53', 0.0011334309343683, 1349, 18),
(242, '2021-01-05 11:16:54', 0.0001729022530716, 1350, 18),
(243, '2021-01-05 11:19:48', 0.0000144540297904, 1368, 18),
(244, '2021-01-05 11:19:50', 0.0000795708978390, 1369, 18),
(245, '2021-01-05 11:19:51', 0.0002189385179994, 1370, 18),
(246, '2021-01-05 11:19:52', 0.0003381462846161, 1371, 18),
(247, '2021-01-05 11:19:52', 0.0005844043946827, 1372, 18),
(248, '2021-01-05 11:20:21', 0.0009871717432231, 1387, 18),
(249, '2021-01-05 11:20:23', 0.0001610335354181, 1388, 18),
(250, '2021-01-05 11:20:25', 0.0000945997322258, 1389, 18),
(251, '2021-01-05 11:20:27', 0.0002174962925713, 1390, 18),
(252, '2021-01-05 11:20:28', 0.0020121767434374, 1391, 18),
(253, '2021-01-05 11:21:57', 0.0000373591741770, 1424, 18),
(254, '2021-01-05 11:21:58', 0.0003022055661951, 1425, 18),
(255, '2021-01-05 11:22:01', 0.0019082583845991, 1426, 18),
(256, '2021-01-05 11:22:02', 0.0001344414231092, 1427, 18),
(257, '2021-01-05 11:22:03', 0.0002208661171967, 1428, 18),
(258, '2021-01-05 11:22:04', 0.0000568424099092, 1429, 18),
(259, '2021-01-05 11:22:05', 0.0001952485864137, 1430, 18),
(260, '2021-01-05 11:22:06', 0.0012408345512557, 1431, 18),
(261, '2021-01-05 11:22:07', 0.0010143878090767, 1432, 18),
(262, '2021-01-05 11:22:08', 0.0008738066996613, 1433, 18),
(263, '2021-01-05 11:27:58', 0.0008973337936442, 1440, 18),
(264, '2021-01-05 11:36:42', 0.0027988276357304, 1520, 18),
(265, '2021-01-05 11:36:45', 0.0000000000000000, 1521, 18),
(266, '2021-01-05 11:36:50', 0.0004524838252867, 1522, 18),
(267, '2021-01-05 11:36:52', 0.0026721130886207, 1523, 18),
(268, '2021-01-05 11:36:52', 0.0004964569764729, 1524, 18),
(269, '2021-01-05 11:36:55', 0.0000839215820564, 1525, 18),
(270, '2021-01-05 11:36:58', 0.0000309883751569, 1526, 18),
(271, '2021-01-05 11:38:44', 0.0031310395876387, 1589, 18),
(272, '2021-01-05 11:38:48', 0.0016811171009359, 1590, 18),
(273, '2021-01-05 11:38:49', 0.0005758321378735, 1591, 18),
(274, '2021-01-05 11:38:51', 0.0000000000000000, 1592, 18),
(275, '2021-01-05 11:38:53', 0.0012882568861320, 1593, 18),
(276, '2021-01-05 11:38:54', 0.0005337060921569, 1594, 18),
(277, '2021-01-05 11:38:55', 0.0000300570045640, 1595, 18),
(278, '2021-01-05 11:38:56', 0.0000000000000000, 1596, 18),
(279, '2021-01-05 11:38:58', 0.0000000000000000, 1597, 18),
(280, '2021-01-05 11:38:59', 0.0012251823324496, 1598, 18),
(281, '2021-01-05 11:39:00', 0.0003434643516004, 1599, 18),
(282, '2021-01-05 11:39:01', 0.0002300781018407, 1600, 18),
(283, '2021-01-07 05:44:05', 0.0006177349538254, 1628, 19),
(284, '2021-01-07 05:44:06', 0.0002946716959689, 1629, 19),
(285, '2021-01-07 05:44:07', 0.0000844211835374, 1630, 19),
(286, '2021-01-07 05:44:10', 0.0006007956850245, 1631, 19),
(287, '2021-01-07 05:44:11', 0.0002781983694621, 1632, 19),
(288, '2021-01-07 05:44:12', 0.0000000000000000, 1633, 19),
(289, '2021-01-07 05:44:13', 0.0000545774128207, 1634, 19),
(290, '2021-01-07 05:44:14', 0.0023479976964422, 1635, 19),
(291, '2021-01-07 05:44:16', 0.0001789665520446, 1636, 19),
(292, '2021-01-12 16:01:44', 0.0013090822112496, 1672, 20),
(293, '2021-01-12 16:01:45', 0.0012283331439838, 1673, 20),
(294, '2021-01-12 16:01:45', 0.0006129017100015, 1674, 20),
(295, '2021-01-12 16:01:46', 0.0026291193619743, 1675, 20);

-- --------------------------------------------------------

--
-- Cấu trúc bảng cho bảng `point`
--

CREATE TABLE `point` (
  `id` float NOT NULL,
  `longitude` double(20,16) DEFAULT NULL,
  `latitude` double(20,16) DEFAULT NULL
) ENGINE=MyISAM DEFAULT CHARSET=utf8 COLLATE=utf8_unicode_ci;

--
-- Đang đổ dữ liệu cho bảng `point`
--

INSERT INTO `point` (`id`, `longitude`, `latitude`) VALUES
(124, 106.8047027587890600, 10.8739795684814450),
(123, 106.8051528930664000, 10.8746595382690430),
(122, 106.8052597045898400, 10.8750896453857420),
(121, 106.8052597045898400, 10.8751296997070310),
(120, 106.8052673339843800, 10.8751602172851560),
(119, 106.8052902221679700, 10.8751831054687500),
(118, 10.8751735687255860, 106.8053054809570300),
(117, 10.8764591217041020, 106.8032608032226600),
(116, 106.8032760620117200, 10.8764467239379880),
(115, 106.8032608032226600, 10.8764295578002930),
(114, 106.8031692504882800, 10.8764295578002930),
(113, 106.8031387329101600, 10.8764600753784180),
(112, 106.8031311035156200, 10.8765296936035160),
(111, 106.8031768798828100, 10.8765897750854500),
(110, 106.8032073974609400, 10.8766002655029300),
(109, 106.8032531738281200, 10.8765897750854500),
(108, 106.8033065795898400, 10.8765201568603520),
(107, 106.8039321899414000, 10.8763504028320310),
(106, 106.8042831420898400, 10.8762302398681640),
(105, 106.8046188354492200, 10.8760900497436520),
(104, 106.8050765991211000, 10.8756704330444340),
(103, 106.8052215576171900, 10.8753995895385740),
(102, 106.8053436279296900, 10.8751897811889650),
(101, 106.8053588867187500, 10.8751802444458000),
(100, 10.8751525878906250, 106.8053436279296900),
(63, 106.8081207275390600, 10.8734903335571290),
(64, 106.8078613281250000, 10.8737602233886720),
(65, 106.8076400756836000, 10.8739099502563480),
(66, 106.8074569702148400, 10.8740196228027340),
(67, 106.8072814941406200, 10.8741302490234380),
(68, 106.8065414428711000, 10.8745203018188480),
(69, 106.8055572509765600, 10.8749904632568360),
(70, 106.8053817749023400, 10.8750896453857420),
(71, 106.8053436279296900, 10.8751897811889650),
(72, 106.8052215576171900, 10.8753995895385740),
(73, 106.8050765991211000, 10.8756704330444340),
(74, 106.8046188354492200, 10.8760900497436520),
(75, 106.8042831420898400, 10.8762302398681640),
(76, 106.8039321899414000, 10.8763504028320310),
(77, 106.8033065795898400, 10.8765201568603520),
(78, 106.8032531738281200, 10.8765897750854500),
(79, 106.8033828735351600, 10.8766698837280270),
(80, 106.8040924072265600, 10.8774700164794920),
(81, 10.8780183792114260, 106.8037643432617200),
(82, 10.8753213882446290, 106.8054428100586000),
(83, 106.8053054809570300, 10.8752450942993160),
(84, 106.8052215576171900, 10.8753995895385740),
(85, 106.8050765991211000, 10.8756704330444340),
(86, 106.8046188354492200, 10.8760900497436520),
(87, 106.8042831420898400, 10.8762302398681640),
(88, 106.8039321899414000, 10.8763504028320310),
(89, 106.8033065795898400, 10.8765201568603520),
(90, 106.8032531738281200, 10.8765897750854500),
(91, 106.8032073974609400, 10.8766002655029300),
(92, 106.8031768798828100, 10.8765897750854500),
(93, 106.8031311035156200, 10.8765296936035160),
(94, 106.8022003173828100, 10.8765897750854500),
(95, 106.8017807006836000, 10.8765497207641600),
(96, 106.8015823364257800, 10.8765096664428710),
(97, 106.8007888793945300, 10.8763799667358400),
(98, 106.8006439208984400, 10.8767194747924800),
(99, 10.8767328262329100, 106.8006744384765600),
(125, 106.8042831420898400, 10.8737401962280270),
(126, 106.8032684326171900, 10.8735799789428710),
(127, 106.8027725219726600, 10.8735704421997070),
(128, 106.8027725219726600, 10.8734703063964840),
(129, 106.8028106689453100, 10.8734722137451170),
(130, 10.8734664916992190, 106.8028106689453100),
(131, 10.8748579025268550, 106.8053131103515600),
(132, 106.8052062988281200, 10.8748846054077150),
(133, 106.8051528930664000, 10.8746595382690430),
(134, 106.8047027587890600, 10.8739795684814450),
(135, 106.8042831420898400, 10.8737401962280270),
(136, 106.8032684326171900, 10.8735799789428710),
(137, 106.8027725219726600, 10.8735704421997070),
(138, 106.8027725219726600, 10.8734703063964840),
(139, 106.8028411865234400, 10.8734731674194340),
(140, 10.8734664916992190, 106.8028488159179700),
(141, 10.8749628067016600, 106.8054809570312500),
(142, 106.8055038452148400, 10.8750114440917970),
(143, 106.8053817749023400, 10.8750896453857420),
(144, 106.8053436279296900, 10.8751897811889650),
(145, 106.8052673339843800, 10.8751602172851560),
(146, 106.8052597045898400, 10.8751296997070310),
(147, 106.8052597045898400, 10.8750896453857420),
(148, 106.8051528930664000, 10.8746595382690430),
(149, 106.8047027587890600, 10.8739795684814450),
(150, 106.8042831420898400, 10.8737401962280270),
(151, 106.8032684326171900, 10.8735799789428710),
(152, 106.8027725219726600, 10.8735704421997070),
(153, 106.8022918701171900, 10.8736095428466800),
(154, 106.8017501831054700, 10.8736896514892580),
(155, 106.8017196655273400, 10.8735904693603520),
(156, 106.8022994995117200, 10.8735103607177730),
(157, 106.8024597167968800, 10.8734960556030270),
(158, 10.8732347488403320, 106.8024368286132800),
(159, 10.8750257492065430, 106.8053970336914000),
(160, 106.8054199218750000, 10.8750600814819340),
(161, 106.8055572509765600, 10.8749904632568360),
(162, 106.8065414428711000, 10.8745203018188480),
(163, 106.8072814941406200, 10.8741302490234380),
(164, 106.8074569702148400, 10.8740196228027340),
(165, 106.8076400756836000, 10.8739099502563480),
(166, 106.8078613281250000, 10.8737602233886720),
(167, 106.8080673217773400, 10.8735532760620120),
(168, 10.8736143112182620, 106.8081436157226600),
(169, 10.8750257492065430, 106.8054122924804700),
(170, 106.8054275512695300, 10.8750553131103520),
(171, 106.8053817749023400, 10.8750896453857420),
(172, 106.8053436279296900, 10.8751897811889650),
(173, 106.8052673339843800, 10.8751602172851560),
(174, 106.8052597045898400, 10.8751296997070310),
(175, 106.8052597045898400, 10.8750896453857420),
(176, 106.8051528930664000, 10.8746595382690430),
(177, 106.8047027587890600, 10.8739795684814450),
(178, 106.8042831420898400, 10.8737401962280270),
(179, 106.8032684326171900, 10.8735799789428710),
(180, 106.8027725219726600, 10.8735704421997070),
(181, 106.8027725219726600, 10.8734703063964840),
(182, 106.8032608032226600, 10.8734903335571290),
(183, 106.8042984008789000, 10.8736495971679690),
(184, 106.8047637939453100, 10.8739099502563480),
(185, 106.8047790527343800, 10.8739290237426760),
(186, 10.8738670349121100, 106.8048477172851600),
(187, 10.8749628067016600, 106.8053665161132800),
(188, 106.8053359985351600, 10.8750638961792000),
(189, 106.8053817749023400, 10.8750896453857420),
(190, 106.8053436279296900, 10.8751897811889650),
(191, 106.8052673339843800, 10.8751602172851560),
(192, 106.8052597045898400, 10.8751296997070310),
(193, 106.8052597045898400, 10.8750896453857420),
(194, 106.8051528930664000, 10.8746595382690430),
(195, 106.8047027587890600, 10.8739795684814450),
(196, 106.8042831420898400, 10.8737401962280270),
(197, 106.8032684326171900, 10.8735799789428710),
(198, 106.8027725219726600, 10.8735704421997070),
(199, 106.8022918701171900, 10.8736095428466800),
(200, 106.8017501831054700, 10.8736896514892580),
(201, 106.8017196655273400, 10.8735904693603520),
(202, 106.8022994995117200, 10.8735103607177730),
(203, 106.8023910522461000, 10.8735027313232420),
(204, 10.8731718063354500, 106.8023605346679700),
(205, 10.8750896453857420, 106.8053054809570300),
(206, 106.8052978515625000, 10.8750686645507810),
(207, 106.8053207397461000, 10.8750600814819340),
(208, 106.8053817749023400, 10.8750896453857420),
(209, 106.8055572509765600, 10.8749904632568360),
(210, 106.8065414428711000, 10.8745203018188480),
(211, 106.8072814941406200, 10.8741302490234380),
(212, 106.8074569702148400, 10.8740196228027340),
(213, 106.8076400756836000, 10.8739099502563480),
(214, 106.8078613281250000, 10.8737602233886720),
(215, 106.8081207275390600, 10.8734903335571290),
(216, 106.8081970214843800, 10.8733997344970700),
(217, 106.8083953857421900, 10.8731622695922850),
(218, 10.8730878829956050, 106.8083038330078100),
(219, 10.8750476837158200, 106.8052139282226600),
(220, 106.8052444458007800, 10.8750391006469730),
(221, 106.8052597045898400, 10.8750896453857420),
(222, 106.8053207397461000, 10.8750600814819340),
(223, 106.8053817749023400, 10.8750896453857420),
(224, 106.8055572509765600, 10.8749904632568360),
(225, 106.8060989379882800, 10.8747339248657230),
(226, 10.8747730255126950, 106.8061141967773400),
(227, 10.8750686645507810, 106.8053894042968800),
(228, 106.8053970336914000, 10.8750791549682620),
(229, 106.8055572509765600, 10.8749904632568360),
(230, 106.8065414428711000, 10.8745203018188480),
(231, 106.8072814941406200, 10.8741302490234380),
(232, 106.8074569702148400, 10.8740196228027340),
(233, 106.8075103759765600, 10.8739881515502930),
(234, 10.8740568161010740, 106.8075561523437500),
(235, 10.8750686645507810, 106.8053054809570300),
(236, 106.8052978515625000, 10.8750658035278320),
(237, 106.8053207397461000, 10.8750600814819340),
(238, 106.8053817749023400, 10.8750896453857420),
(239, 106.8053436279296900, 10.8751897811889650),
(240, 106.8052215576171900, 10.8753995895385740),
(241, 106.8050765991211000, 10.8756704330444340),
(242, 106.8046188354492200, 10.8760900497436520),
(243, 106.8042831420898400, 10.8762302398681640),
(244, 106.8039321899414000, 10.8763504028320310),
(245, 106.8036117553711000, 10.8764247894287110),
(246, 10.8763961791992190, 106.8036041259765600),
(247, 10.8750896453857420, 106.8053207397461000),
(248, 106.8053283691406200, 10.8750638961792000),
(249, 106.8053817749023400, 10.8750896453857420),
(250, 106.8055572509765600, 10.8749904632568360),
(251, 106.8065109252929700, 10.8745346069335940),
(252, 10.8744783401489260, 106.8064804077148400),
(253, 10.8750257492065430, 106.8051910400390600),
(254, 106.8052444458007800, 10.8750143051147460),
(255, 106.8051528930664000, 10.8746595382690430),
(256, 106.8047027587890600, 10.8739795684814450),
(257, 106.8042831420898400, 10.8737401962280270),
(258, 106.8032684326171900, 10.8735799789428710),
(259, 106.8027725219726600, 10.8735704421997070),
(260, 106.8027725219726600, 10.8734703063964840),
(261, 106.8030090332031200, 10.8734798431396480),
(262, 10.8734874725341800, 106.8030090332031200),
(263, 10.8751315429550800, 106.8052162463086700),
(264, 106.8052162460000400, 10.8751300000000700),
(265, 106.8052600000000300, 10.8751300000000700),
(266, 106.8052600000000300, 10.8750900000000570),
(267, 106.8051500000000800, 10.8746600000000630),
(268, 106.8047000000000800, 10.8739800000000740),
(269, 106.8042800000000600, 10.8737400000000550),
(270, 106.8032700000000500, 10.8735800000000600),
(271, 106.8027700000000700, 10.8735700000000300),
(272, 106.8027700000000700, 10.8734700000000540),
(273, 106.8027710120000500, 10.8734467280000330),
(274, 10.8734457536122480, 106.8027486140149000),
(275, 106.8035640055554400, 10.8763115898252940),
(276, 106.8020834261792000, 10.8764801675684240),
(277, 106.8008603388683800, 10.8760165785455120),
(278, 106.7999805743114600, 10.8755108442440350),
(279, 106.8005599314587000, 10.8735511157253290),
(280, 10.8751736875665550, 106.8052698904889600),
(281, 106.8052637040000800, 10.8751696540000470),
(282, 106.8052700000000600, 10.8751600000000500),
(283, 106.8052600000000300, 10.8751300000000700),
(284, 106.8052600000000300, 10.8750900000000570),
(285, 106.8051500000000800, 10.8746600000000630),
(286, 106.8047000000000800, 10.8739800000000740),
(287, 106.8042800000000600, 10.8737400000000550),
(288, 106.8032700000000500, 10.8735800000000600),
(289, 106.8027700000000700, 10.8735700000000300),
(290, 106.8027700000000700, 10.8734700000000540),
(291, 106.8028654820000700, 10.8734738970000540),
(292, 10.8734457536122480, 106.8028666312115600),
(293, 106.8040253455060000, 10.8762483731470600),
(294, 106.8025662238018800, 10.8762905176007050),
(295, 106.8007637793438200, 10.8756794224398200),
(296, 106.8003560835735500, 10.8740779257324240),
(297, 10.8759533618047360, 106.8047227198499200),
(298, 106.8046972540000800, 10.8759151640000480),
(299, 106.8051200000000400, 10.8753900000000390),
(300, 106.8052700000000600, 10.8751600000000500),
(301, 106.8052600000000300, 10.8751300000000700),
(302, 106.8052600000000300, 10.8750900000000570),
(303, 106.8051500000000800, 10.8746600000000630),
(304, 106.8048483170000500, 10.8741612760000520),
(305, 10.8741411428707430, 106.8048729235547700),
(306, 106.8031992251294200, 10.8764380231415720),
(307, 106.8017615610974100, 10.8764169509259270),
(308, 106.8008388811962600, 10.8761851564554170),
(309, 106.8003238970653700, 10.8754686996801900),
(310, 106.8006243044750500, 10.8739936361938070),
(311, 10.8767541061977400, 106.8046583468335500),
(312, 106.8049097510000800, 10.8768988540000460),
(313, 106.8050300000000400, 10.8766900000000530),
(314, 106.8046200000000600, 10.8760900000000330),
(315, 106.8042800000000600, 10.8762300000000210),
(316, 106.8039300000000400, 10.8763500000000590),
(317, 106.8033100000000700, 10.8765200000000280),
(318, 106.8032500000000500, 10.8765900000000220),
(319, 106.8032100000000400, 10.8766000000000530),
(320, 106.8031800000000500, 10.8765900000000220),
(321, 106.8031300000000700, 10.8765300000000600),
(322, 106.8031400000000400, 10.8764600000000660),
(323, 106.8031700000000800, 10.8764300000000280),
(324, 106.8032600000000800, 10.8764300000000280),
(325, 106.8034900000000700, 10.8763600000000340),
(326, 106.8045700000000700, 10.8760000000000330),
(327, 106.8051200000000400, 10.8753900000000390),
(328, 106.8052700000000600, 10.8751600000000500),
(329, 106.8052600000000300, 10.8751300000000700),
(330, 106.8052600000000300, 10.8750900000000570),
(331, 106.8053200000000500, 10.8750600000000760),
(332, 106.8053800000000700, 10.8750900000000570),
(333, 106.8054665980000700, 10.8750293810000470),
(334, 10.8751315429550800, 106.8055381113904600),
(335, 106.8030490214245800, 10.8763115898252940),
(336, 106.8007101351635300, 10.8764169509259270),
(337, 106.8004741007702000, 10.8752579767716590),
(338, 106.8036069208996800, 10.8735300433056940),
(339, 106.8052806193250200, 10.8743097218407530),
(340, 106.8054308230298700, 10.8745204454192880),
(341, 106.8050875002759500, 10.8748576028352520),
(342, 10.8751104706470960, 106.8053664500135100),
(343, 106.8053834160000400, 10.8751070780000420),
(344, 106.8053400000000600, 10.8751900000000320),
(345, 106.8052200000000800, 10.8754000000000700),
(346, 106.8050800000000300, 10.8756700000000700),
(347, 106.8046200000000600, 10.8760900000000330),
(348, 106.8042800000000600, 10.8762300000000210),
(349, 106.8039300000000400, 10.8763500000000590),
(350, 106.8033100000000700, 10.8765200000000280),
(351, 106.8032500000000500, 10.8765900000000220),
(352, 106.8032100000000400, 10.8766000000000530),
(353, 106.8031800000000500, 10.8765900000000220),
(354, 106.8031300000000700, 10.8765300000000600),
(355, 106.8031400000000400, 10.8764600000000660),
(356, 106.8031700000000800, 10.8764300000000280),
(357, 106.8032600000000800, 10.8764300000000280),
(358, 106.8034900000000700, 10.8763600000000340),
(359, 106.8045404100000700, 10.8760129460000600),
(360, 10.8758901450505510, 106.8044866854566000),
(361, 106.8029846484082100, 10.8764380231415720),
(362, 106.8013109499828800, 10.8765012397796180),
(363, 106.8048300082105200, 10.8739514914155800),
(364, 106.8026413256543000, 10.8748154581790960),
(365, 106.8023623759167400, 10.8731928843890420),
(366, 106.8048300082105200, 10.8753211936598600),
(367, 10.8750472537142400, 106.8053879076856300),
(368, 106.8054053890000400, 10.8750722270000320),
(369, 106.8053800000000700, 10.8750900000000570),
(370, 106.8053400000000600, 10.8751900000000320),
(371, 106.8052700000000600, 10.8751600000000500),
(372, 106.8052600000000300, 10.8751300000000700),
(373, 106.8052600000000300, 10.8750900000000570),
(374, 106.8051500000000800, 10.8746600000000630),
(375, 106.8047000000000800, 10.8739800000000740),
(376, 106.8042800000000600, 10.8737400000000550),
(377, 106.8032700000000500, 10.8735800000000600),
(378, 106.8027700000000700, 10.8735700000000300),
(379, 106.8027700000000700, 10.8734700000000540),
(380, 106.8032600000000800, 10.8734900000000600),
(381, 106.8043000000000700, 10.8736500000000550),
(382, 106.8047600000000400, 10.8739100000000240),
(383, 106.8048245330000400, 10.8739881190000460),
(384, 10.8739304190242280, 106.8048943812268700),
(385, 106.8042506510632700, 10.8744361560057430),
(386, 106.8029846484082100, 10.8743307942053120),
(387, 106.8016328150646800, 10.8746047348090150),
(388, 10.8751315429550800, 106.8050445849317000),
(389, 106.8050445850000800, 10.8751300000000700),
(390, 106.8052600000000300, 10.8751300000000700),
(391, 106.8052600000000300, 10.8750900000000570),
(392, 106.8051500000000800, 10.8746600000000630),
(393, 106.8047000000000800, 10.8739800000000740),
(394, 106.8042800000000600, 10.8737400000000550),
(395, 106.8032700000000500, 10.8735800000000600),
(396, 106.8027700000000700, 10.8735700000000300),
(397, 106.8027700000000700, 10.8734700000000540),
(398, 106.8032600000000800, 10.8734900000000600),
(399, 106.8043000000000700, 10.8736500000000550),
(400, 106.8047600000000400, 10.8739100000000240),
(401, 106.8048605030000400, 10.8740316610000600),
(402, 10.8740568533500020, 106.8048300082105200),
(403, 106.8039502436536200, 10.8760587230319160),
(404, 106.8031563097851800, 10.8763958787087800),
(405, 10.8752790490692100, 106.8052162463086700),
(406, 106.8051994870000400, 10.8752681190000540),
(407, 106.8052700000000600, 10.8751600000000500),
(408, 106.8052600000000300, 10.8751300000000700),
(409, 106.8052600000000300, 10.8750900000000570),
(410, 106.8053200000000500, 10.8750600000000760),
(411, 106.8053800000000700, 10.8750900000000570),
(412, 106.8053400000000600, 10.8751900000000320),
(413, 106.8052200000000800, 10.8754000000000700),
(414, 106.8050800000000300, 10.8756700000000700),
(415, 106.8046200000000600, 10.8760900000000330),
(416, 106.8042800000000600, 10.8762300000000210),
(417, 106.8039300000000400, 10.8763500000000590),
(418, 106.8033100000000700, 10.8765200000000280),
(419, 106.8032500000000500, 10.8765900000000220),
(420, 106.8032100000000400, 10.8766000000000530),
(421, 106.8031800000000500, 10.8765900000000220),
(422, 106.8031300000000700, 10.8765300000000600),
(423, 106.8022542770000900, 10.8765876740000640),
(424, 10.8766066008132300, 106.8022550875561500),
(425, 106.8016971880810400, 10.8765433841975250),
(426, 106.8011822039501600, 10.8764380231415720),
(427, 106.8022121722119000, 10.8762905176007050),
(428, 106.8030704790967000, 10.8761851564554170),
(429, 106.8039931589978400, 10.8758480005403050),
(430, 10.8751315429550800, 106.8051626021283600),
(431, 106.8051626020000500, 10.8751300000000700),
(432, 106.8052600000000300, 10.8751300000000700),
(433, 106.8052600000000300, 10.8750900000000570),
(434, 106.8051500000000800, 10.8746600000000630),
(435, 106.8047000000000800, 10.8739800000000740),
(436, 106.8042800000000600, 10.8737400000000550),
(437, 106.8032700000000500, 10.8735800000000600),
(438, 106.8027700000000700, 10.8735700000000300),
(439, 106.8027700000000700, 10.8734700000000540),
(440, 106.8032600000000800, 10.8734900000000600),
(441, 106.8043000000000700, 10.8736500000000550),
(442, 106.8047600000000400, 10.8739100000000240),
(443, 106.8049500000000800, 10.8741400000000680),
(444, 106.8050841690000500, 10.8743545410000600),
(445, 10.8742675771071810, 106.8052484328168400),
(446, 106.8050553137677700, 10.8758480005403050),
(447, 106.8035747343915000, 10.8759955063000840),
(448, 106.8027378851788300, 10.8754476273960350),
(449, 106.8021585280316100, 10.8743518665683700),
(450, 106.8035747343915000, 10.8741200704927880),
(451, 10.8751736875665550, 106.8053235346692600),
(452, 106.8053235350000700, 10.8751900000000320),
(453, 106.8052700000000600, 10.8751600000000500),
(454, 106.8052600000000300, 10.8751300000000700),
(455, 106.8052600000000300, 10.8750900000000570),
(456, 106.8051500000000800, 10.8746600000000630),
(457, 106.8047000000000800, 10.8739800000000740),
(458, 106.8042800000000600, 10.8737400000000550),
(459, 106.8032700000000500, 10.8735800000000600),
(460, 106.8027700000000700, 10.8735700000000300),
(461, 106.8027700000000700, 10.8734700000000540),
(462, 106.8027746290000600, 10.8733635280000270),
(463, 10.8733614638949870, 106.8027271563427400),
(464, 106.8052806193249900, 10.8753422659529200),
(465, 106.8049372965710700, 10.8748365305079060),
(466, 106.8047012621777400, 10.8743307942053000),
(467, 106.8040575320141600, 10.8739093466313750),
(468, 106.8033708865063300, 10.8738461294439200),
(469, 106.8028559023754700, 10.8736986226210860),
(470, 106.8027271563427400, 10.8736986226210860),
(471, 106.8026627833263800, 10.8734878984619350),
(472, 10.8749418921296930, 106.8054844672101600),
(473, 106.8055095960000400, 10.8750089020000470),
(474, 106.8053800000000700, 10.8750900000000570),
(475, 106.8053400000000600, 10.8751900000000320),
(476, 106.8052700000000600, 10.8751600000000500),
(477, 106.8052600000000300, 10.8751300000000700),
(478, 106.8052600000000300, 10.8750900000000570),
(479, 106.8051500000000800, 10.8746600000000630),
(480, 106.8047000000000800, 10.8739800000000740),
(481, 106.8042576980000700, 10.8737344240000770),
(482, 10.8737196950288380, 106.8042613798993300),
(483, 106.8050123984235300, 10.8753633382445310),
(484, 106.8039395148175400, 10.8751526152615600),
(485, 106.8037893111127100, 10.8740147085806940),
(486, 106.8044330412763000, 10.8743729389299530),
(487, 10.8751104706470960, 106.8053128058332100),
(488, 106.8052983840000800, 10.8750672050000500),
(489, 106.8053200000000500, 10.8750600000000760),
(490, 106.8053800000000700, 10.8750900000000570),
(491, 106.8053400000000600, 10.8751900000000320),
(492, 106.8052700000000600, 10.8751600000000500),
(493, 106.8052600000000300, 10.8751300000000700),
(494, 106.8052600000000300, 10.8750900000000570),
(495, 106.8051500000000800, 10.8746600000000630),
(496, 106.8047000000000800, 10.8739800000000740),
(497, 106.8042800000000600, 10.8737400000000550),
(498, 106.8032700000000500, 10.8735800000000600),
(499, 106.8027700000000700, 10.8735700000000300),
(500, 106.8027700000000700, 10.8734700000000540),
(501, 106.8027776360000900, 10.8732943780000260),
(502, 10.8732982465914300, 106.8028666312115600),
(503, 106.8048621947186800, 10.8758058560241170),
(504, 106.8041540915387300, 10.8760376507894650),
(505, 106.8039609724896600, 10.8743940112900340),
(506, 10.8751104706470960, 106.8052913481610900),
(507, 106.8052600000000300, 10.8751104710000280),
(508, 106.8052600000000300, 10.8750900000000570),
(509, 106.8051500000000800, 10.8746600000000630),
(510, 106.8047000000000800, 10.8739800000000740),
(511, 106.8042800000000600, 10.8737400000000550),
(512, 106.8032700000000500, 10.8735800000000600),
(513, 106.8027700000000700, 10.8735700000000300),
(514, 106.8027700000000700, 10.8734700000000540),
(515, 106.8028654820000700, 10.8734738970000540),
(516, 10.8734457536122480, 106.8028666312115600),
(517, 106.8047549063581000, 10.8758269282829690),
(518, 10.8750472537142400, 106.8049909407514100),
(519, 106.8049867230000700, 10.8751287960000700),
(520, 106.8052600000000300, 10.8751300000000700),
(521, 106.8052600000000300, 10.8750900000000570),
(522, 106.8051500000000800, 10.8746600000000630),
(523, 106.8047000000000800, 10.8739800000000740),
(524, 106.8044789680000700, 10.8738234360000660),
(525, 10.8738882742370590, 106.8044330412763000),
(526, 106.8048836523908000, 10.8758901450505510),
(527, 106.8050553137677700, 10.8753633382445310),
(528, 106.8044544989484200, 10.8746468794949430),
(529, 106.8041540915387300, 10.8739936361938070),
(530, 106.8036605650799800, 10.8736775502118860),
(531, 10.8752369044726190, 106.8051411444562400),
(532, 106.8051963600000800, 10.8752729150000400),
(533, 106.8052700000000600, 10.8751600000000500),
(534, 106.8052600000000300, 10.8751300000000700),
(535, 106.8052600000000300, 10.8750900000000570),
(536, 106.8051500000000800, 10.8746600000000630),
(537, 106.8047000000000800, 10.8739800000000740),
(538, 106.8042800000000600, 10.8737400000000550),
(539, 106.8032700000000500, 10.8735800000000600),
(540, 106.8027700000000700, 10.8735700000000300),
(541, 106.8027700000000700, 10.8734700000000540),
(542, 106.8032600000000800, 10.8734900000000600),
(543, 106.8043000000000700, 10.8736500000000550),
(544, 106.8047600000000400, 10.8739100000000240),
(545, 106.8049500000000800, 10.8741400000000680),
(546, 106.8051216770000500, 10.8744253900000560),
(547, 10.8744150836486390, 106.8051411444562400),
(548, 106.8044759566205200, 10.8752579767716590),
(549, 106.8043686682599400, 10.8744783007154860),
(550, 10.8751104706470960, 106.8053128058332100),
(551, 106.8052983840000800, 10.8750672050000500),
(552, 106.8053200000000500, 10.8750600000000760),
(553, 106.8053800000000700, 10.8750900000000570),
(554, 106.8053400000000600, 10.8751900000000320),
(555, 106.8052700000000600, 10.8751600000000500),
(556, 106.8052600000000300, 10.8751300000000700),
(557, 106.8052600000000300, 10.8750900000000570),
(558, 106.8051500000000800, 10.8746600000000630),
(559, 106.8047000000000800, 10.8739800000000740),
(560, 106.8042800000000600, 10.8737400000000550),
(561, 106.8032700000000500, 10.8735800000000600),
(562, 106.8027700000000700, 10.8735700000000300),
(563, 106.8027700000000700, 10.8734700000000540),
(564, 106.8032600000000800, 10.8734900000000600),
(565, 106.8043000000000700, 10.8736500000000550),
(566, 106.8047600000000400, 10.8739100000000240),
(567, 106.8049500000000800, 10.8741400000000680),
(568, 106.8050023830000400, 10.8742185750000430),
(569, 10.8741832876221770, 106.8050553137677700),
(570, 106.8038965994733000, 10.8735089708845600),
(571, 106.8046047026532500, 10.8737196950288380),
(572, 106.8059994513410400, 10.8742254323676550),
(573, 10.8750261814003010, 106.8052913481610900),
(574, 106.8053043590000500, 10.8750652140000740),
(575, 106.8053200000000500, 10.8750600000000760),
(576, 106.8053800000000700, 10.8750900000000570),
(577, 106.8053400000000600, 10.8751900000000320),
(578, 106.8052700000000600, 10.8751600000000500),
(579, 106.8052600000000300, 10.8751300000000700),
(580, 106.8052600000000300, 10.8750900000000570),
(581, 106.8051500000000800, 10.8746600000000630),
(582, 106.8047000000000800, 10.8739800000000740),
(583, 106.8042800000000600, 10.8737400000000550),
(584, 106.8032700000000500, 10.8735800000000600),
(585, 106.8027700000000700, 10.8735700000000300),
(586, 106.8027700000000700, 10.8734700000000540),
(587, 106.8031405340000800, 10.8734851240000700),
(588, 10.8733614638950000, 106.8031455809491200),
(589, 106.8043901259320600, 10.8746258071527230),
(590, 106.8040468031781200, 10.8740989981133430),
(591, 106.8026949698345900, 10.8738672018412410),
(592, 10.8750893983376360, 106.8052698904889600),
(593, 106.8052671250000600, 10.8750852500000400),
(594, 106.8053200000000500, 10.8750600000000760),
(595, 106.8053800000000700, 10.8750900000000570),
(596, 106.8053400000000600, 10.8751900000000320),
(597, 106.8052700000000600, 10.8751600000000500),
(598, 106.8052600000000300, 10.8751300000000700),
(599, 106.8052600000000300, 10.8750900000000570),
(600, 106.8051500000000800, 10.8746600000000630),
(601, 106.8047000000000800, 10.8739800000000740),
(602, 106.8042800000000600, 10.8737400000000550),
(603, 106.8032700000000500, 10.8735800000000600),
(604, 106.8027700000000700, 10.8735700000000300),
(605, 106.8027700000000700, 10.8734700000000540),
(606, 106.8027710730000900, 10.8734453310000280),
(607, 10.8734457536122480, 106.8027808005230700),
(608, 106.8052269751447200, 10.8754686996801900),
(609, 106.8056132132428600, 10.8749629644495830),
(610, 106.8054200941937900, 10.8742254323676550),
(611, 106.8046690756696200, 10.8736986226210990),
(612, 10.8750893983376360, 106.8053342635053300),
(613, 106.8053416570000400, 10.8750672190000730),
(614, 106.8053800000000700, 10.8750900000000570),
(615, 106.8053400000000600, 10.8751900000000320),
(616, 106.8052700000000600, 10.8751600000000500),
(617, 106.8052600000000300, 10.8751300000000700),
(618, 106.8052600000000300, 10.8750900000000570),
(619, 106.8051500000000800, 10.8746600000000630),
(620, 106.8047000000000800, 10.8739800000000740),
(621, 106.8042800000000600, 10.8737400000000550),
(622, 106.8032700000000500, 10.8735800000000600),
(623, 106.8027700000000700, 10.8735700000000300),
(624, 106.8027700000000700, 10.8734700000000540),
(625, 106.8032600000000800, 10.8734900000000600),
(626, 106.8044153230000600, 10.8736985570000680),
(627, 10.8736564778011820, 106.8044330412763000),
(628, 106.8048621947186800, 10.8757426392386730),
(629, 106.8044330412763000, 10.8745625901171220),
(630, 10.8750683260266890, 106.8052913481610900),
(631, 106.8052917150000700, 10.8750694280000740),
(632, 106.8053200000000500, 10.8750600000000760),
(633, 106.8053800000000700, 10.8750900000000570),
(634, 106.8053400000000600, 10.8751900000000320),
(635, 106.8052700000000600, 10.8751600000000500),
(636, 106.8052600000000300, 10.8751300000000700),
(637, 106.8052600000000300, 10.8750900000000570),
(638, 106.8051500000000800, 10.8746600000000630),
(639, 106.8047000000000800, 10.8739800000000740),
(640, 106.8042800000000600, 10.8737400000000550),
(641, 106.8032700000000500, 10.8735800000000600),
(642, 106.8027700000000700, 10.8735700000000300),
(643, 106.8027700000000700, 10.8734700000000540),
(644, 106.8032600000000800, 10.8734900000000600),
(645, 106.8043000000000700, 10.8736500000000550),
(646, 106.8047600000000400, 10.8739100000000240),
(647, 106.8049500000000800, 10.8741400000000680),
(648, 106.8051400000000500, 10.8744600000000560),
(649, 106.8051408620000900, 10.8744772420000690),
(650, 10.8744783007154860, 106.8051196867841100),
(651, 106.8046261603253700, 10.8763326620484090),
(652, 106.8041540915387300, 10.8752790490692100),
(653, 106.8034459883587900, 10.8747943858487980),
(654, 10.8749840367679730, 106.8054415518659300),
(655, 106.8054710910000700, 10.8750262360000530),
(656, 106.8053800000000700, 10.8750900000000570),
(657, 106.8053400000000600, 10.8751900000000320),
(658, 106.8052700000000600, 10.8751600000000500),
(659, 106.8052600000000300, 10.8751300000000700),
(660, 106.8052600000000300, 10.8750900000000570),
(661, 106.8051500000000800, 10.8746600000000630),
(662, 106.8047000000000800, 10.8739800000000740),
(663, 106.8042800000000600, 10.8737400000000550),
(664, 106.8032700000000500, 10.8735800000000600),
(665, 106.8027700000000700, 10.8735700000000300),
(666, 106.8027700000000700, 10.8734700000000540),
(667, 106.8032600000000800, 10.8734900000000600),
(668, 106.8045851710000400, 10.8737934480000720),
(669, 10.8736354053889900, 106.8046905333417400),
(670, 106.8026735121624700, 10.8743729389299530),
(671, 106.8011285597698500, 10.8733825363265420),
(672, 106.8029310042279100, 10.8721181877988420),
(673, 10.8750261814003010, 106.8052913481610900),
(674, 106.8053043590000500, 10.8750652140000740),
(675, 106.8053200000000500, 10.8750600000000760),
(676, 106.8053800000000700, 10.8750900000000570),
(677, 106.8053400000000600, 10.8751900000000320),
(678, 106.8052700000000600, 10.8751600000000500),
(679, 106.8052600000000300, 10.8751300000000700),
(680, 106.8052600000000300, 10.8750900000000570),
(681, 106.8051500000000800, 10.8746600000000630),
(682, 106.8047000000000800, 10.8739800000000740),
(683, 106.8042800000000600, 10.8737400000000550),
(684, 106.8032700000000500, 10.8735800000000600),
(685, 106.8028022890000600, 10.8735706460000760),
(686, 10.8735721881434730, 106.8028022581952000),
(687, 106.8048407370465600, 10.8759322895548290),
(688, 106.8050982291119900, 10.8750472537142400),
(689, 106.8045188719647700, 10.8743940112900340),
(690, 106.8033172423260600, 10.8740568533500020),
(691, 106.8021156126873600, 10.8740568533500020),
(692, 10.8750051090848880, 106.8054844672101600),
(693, 106.8054888120000800, 10.8750166960000460),
(694, 106.8053800000000700, 10.8750900000000570),
(695, 106.8053400000000600, 10.8751900000000320),
(696, 106.8052700000000600, 10.8751600000000500),
(697, 106.8052600000000300, 10.8751300000000700),
(698, 106.8052600000000300, 10.8750900000000570),
(699, 106.8051500000000800, 10.8746600000000630),
(700, 106.8047000000000800, 10.8739800000000740),
(701, 106.8042800000000600, 10.8737400000000550),
(702, 106.8032700000000500, 10.8735800000000600),
(703, 106.8027700000000700, 10.8735700000000300),
(704, 106.8027700000000700, 10.8734700000000540),
(705, 106.8031842360000500, 10.8734869080000750),
(706, 10.8733825363265420, 106.8031884962933600),
(707, 106.8050123984235300, 10.8754054828232600),
(708, 106.8048621947186800, 10.8748365305079190),
(709, 106.8046047026532500, 10.8742886494747180),
(710, 106.8037893111127100, 10.8739304190242280),
(711, 10.8751526152615600, 106.8052055174726000),
(712, 106.8052055170000500, 10.8751300000000700),
(713, 106.8052600000000300, 10.8751300000000700),
(714, 106.8052600000000300, 10.8750900000000570),
(715, 106.8051500000000800, 10.8746600000000630),
(716, 106.8047000000000800, 10.8739800000000740),
(717, 106.8042800000000600, 10.8737400000000550),
(718, 106.8032700000000500, 10.8735800000000600),
(719, 106.8027700000000700, 10.8735700000000300),
(720, 106.8027700000000700, 10.8734700000000540),
(721, 106.8032600000000800, 10.8734900000000600),
(722, 106.8043000000000700, 10.8736500000000550),
(723, 106.8047126730000400, 10.8738784490000740),
(724, 10.8737829122430850, 106.8047763640302000),
(725, 106.8048407370465600, 10.8755319165237100),
(726, 106.8046476179975000, 10.8749418921296930),
(727, 106.8043901259320600, 10.8741411428707430),
(728, 10.8748786751611000, 106.8054415518659300),
(729, 106.8054927550000500, 10.8750152170000550),
(730, 106.8053800000000700, 10.8750900000000570),
(731, 106.8053400000000600, 10.8751900000000320),
(732, 106.8052700000000600, 10.8751600000000500),
(733, 106.8052600000000300, 10.8751300000000700),
(734, 106.8052600000000300, 10.8750900000000570),
(735, 106.8051500000000800, 10.8746600000000630),
(736, 106.8047000000000800, 10.8739800000000740),
(737, 106.8041110090000500, 10.8736977520000550),
(738, 10.8737829122430850, 106.8040897185223800),
(739, 106.8048407370465600, 10.8753633382445310),
(740, 106.8045617873090100, 10.8747522411837100),
(741, 106.8038751418011900, 10.8741832876221770),
(742, 106.8028880888836800, 10.8738250570451380),
(743, 10.8749840367679730, 106.8054415518659300),
(744, 106.8054710910000700, 10.8750262360000530),
(745, 106.8053800000000700, 10.8750900000000570),
(746, 106.8053400000000600, 10.8751900000000320),
(747, 106.8052700000000600, 10.8751600000000500),
(748, 106.8052600000000300, 10.8751300000000700),
(749, 106.8052600000000300, 10.8750900000000570),
(750, 106.8051500000000800, 10.8746600000000630),
(751, 106.8047000000000800, 10.8739800000000740),
(752, 106.8042800000000600, 10.8737400000000550),
(753, 106.8032700000000500, 10.8735800000000600),
(754, 106.8027700000000700, 10.8735700000000300),
(755, 106.8027700000000700, 10.8734700000000540),
(756, 106.8031850950000600, 10.8734869430000460),
(757, 10.8734036087565950, 106.8031884962933600),
(758, 106.8050123984235300, 10.8753633382445310),
(759, 106.8047119910138600, 10.8745204454192880),
(760, 106.8037893111127100, 10.8737196950288380),
(761, 106.8027164275067100, 10.8737407674350630),
(762, 10.8751104706470960, 106.8051840598004800),
(763, 106.8051840600000400, 10.8751300000000700),
(764, 106.8052600000000300, 10.8751300000000700),
(765, 106.8052600000000300, 10.8750900000000570),
(766, 106.8051500000000800, 10.8746600000000630),
(767, 106.8047000000000800, 10.8739800000000740),
(768, 106.8042800000000600, 10.8737400000000550),
(769, 106.8032700000000500, 10.8735800000000600),
(770, 106.8027700000000700, 10.8735700000000300),
(771, 106.8027700000000700, 10.8734700000000540),
(772, 106.8032600000000800, 10.8734900000000600),
(773, 106.8035878330000500, 10.8735320300000350),
(774, 10.8734668260378480, 106.8035961920636200),
(775, 106.8049694830792800, 10.8752369044726190),
(776, 106.8046905333417400, 10.8746679518356720),
(777, 106.8044115836041800, 10.8741622152472100),
(778, 106.8035103613751500, 10.8738882742370590),
(779, 10.8750261814003010, 106.8052698904889600),
(780, 106.8052452840000800, 10.8750324750000690),
(781, 106.8051500000000800, 10.8746600000000630),
(782, 106.8047000000000800, 10.8739800000000740),
(783, 106.8042800000000600, 10.8737400000000550),
(784, 106.8032700000000500, 10.8735800000000600),
(785, 106.8027700000000700, 10.8735700000000300),
(786, 106.8027700000000700, 10.8734700000000540),
(787, 106.8032600000000800, 10.8734900000000600),
(788, 106.8041082920000800, 10.8736057600000320),
(789, 10.8735932605601300, 106.8041111761945000),
(790, 106.8048407370465600, 10.8752790490692100),
(791, 106.8046476179975000, 10.8747100965126680),
(792, 106.8040897185223800, 10.8740779257324240),
(793, 106.8024160200970400, 10.8738461294439330),
(794, 10.8751736875665550, 106.8052913481610900),
(795, 106.8052875180000600, 10.8751775180000440),
(796, 106.8052700000000600, 10.8751600000000500),
(797, 106.8052600000000300, 10.8751300000000700),
(798, 106.8052600000000300, 10.8750900000000570),
(799, 106.8051500000000800, 10.8746600000000630),
(800, 106.8047000000000800, 10.8739800000000740),
(801, 106.8042800000000600, 10.8737400000000550),
(802, 106.8032700000000500, 10.8735800000000600),
(803, 106.8032745370000500, 10.8736316140000330),
(804, 10.8736354053889900, 106.8032314116375800),
(805, 106.8048192793744300, 10.8754686996801900),
(806, 106.8047978217023200, 10.8747311688489340),
(807, 106.8044974142926500, 10.8742043599956550),
(808, 106.8034459883587900, 10.8739304190242280),
(809, 10.8745836624638200, 106.8053557211774500),
(810, 106.8051467060000700, 10.8745941130000570),
(811, 106.8051500000000800, 10.8746600000000630),
(812, 106.8047000000000800, 10.8739800000000740),
(813, 106.8042800000000600, 10.8737400000000550),
(814, 106.8032700000000500, 10.8735800000000600),
(815, 106.8027700000000700, 10.8735700000000300),
(816, 106.8027700000000700, 10.8734700000000540),
(817, 106.8027756450000500, 10.8733401670000380),
(818, 10.8733403914619700, 106.8027808005230700),
(819, 106.8049265677350400, 10.8750683260266890),
(820, 106.8044115836041800, 10.8740989981133430),
(821, 106.8032743269818200, 10.8739514914155800),
(822, 106.8023516470806800, 10.8739514914155800),
(823, 10.8749629644495830, 106.8051840598004800),
(824, 106.8052248340000600, 10.8749525330000550),
(825, 106.8051500000000800, 10.8746600000000630),
(826, 106.8047000000000800, 10.8739800000000740),
(827, 106.8042800000000600, 10.8737400000000550),
(828, 106.8032700000000500, 10.8735800000000600),
(829, 106.8027700000000700, 10.8735700000000300),
(830, 106.8027700000000700, 10.8734700000000540),
(831, 106.8027738560000400, 10.8733813010000520),
(832, 10.8733825363265420, 106.8028022581952000),
(833, 106.8050123984235300, 10.8752579767716590),
(834, 106.8046905333417400, 10.8744783007154860),
(835, 106.8031026656048800, 10.8738039846448570),
(836, 106.8013002211468200, 10.8736986226210990),
(837, 10.8749840367679730, 106.8052055174726000),
(838, 106.8052312120000800, 10.8749774640000400),
(839, 106.8051500000000800, 10.8746600000000630),
(840, 106.8047000000000800, 10.8739800000000740),
(841, 106.8042800000000600, 10.8737400000000550),
(842, 106.8032700000000500, 10.8735800000000600),
(843, 106.8027700000000700, 10.8735700000000300),
(844, 106.8027700000000700, 10.8734700000000540),
(845, 106.8031251220000400, 10.8734844950000700),
(846, 10.8735089708845600, 106.8031241232770000),
(847, 106.8049480254071600, 10.8753001213652730),
(848, 106.8045832449811300, 10.8746679518356720),
(849, 106.8032957846539400, 10.8740568533500020),
(850, 106.8016220862286200, 10.8739304190242280),
(851, 10.8752369044726190, 106.8053771788495700),
(852, 106.8053289470000800, 10.8752093430000510),
(853, 106.8052200000000800, 10.8754000000000700),
(854, 106.8050800000000300, 10.8756700000000700),
(855, 106.8046200000000600, 10.8760900000000330),
(856, 106.8042800000000600, 10.8762300000000210),
(857, 106.8039300000000400, 10.8763500000000590),
(858, 106.8033100000000700, 10.8765200000000280),
(859, 106.8032500000000500, 10.8765900000000220),
(860, 106.8032100000000400, 10.8766000000000530),
(861, 106.8031800000000500, 10.8765900000000220),
(862, 106.8031300000000700, 10.8765300000000600),
(863, 106.8031400000000400, 10.8764600000000660),
(864, 106.8031700000000800, 10.8764300000000280),
(865, 106.8032600000000800, 10.8764300000000280),
(866, 106.8034900000000700, 10.8763600000000340),
(867, 106.8045700000000700, 10.8760000000000330),
(868, 106.8051200000000400, 10.8753900000000390),
(869, 106.8052700000000600, 10.8751600000000500),
(870, 106.8052600000000300, 10.8751300000000700),
(871, 106.8052600000000300, 10.8750900000000570),
(872, 106.8051500000000800, 10.8746600000000630),
(873, 106.8047000000000800, 10.8739800000000740),
(874, 106.8042800000000600, 10.8737400000000550),
(875, 106.8034420710000600, 10.8736023470000300),
(876, 10.8735721881434730, 106.8034459883587900),
(877, 106.8041111761945000, 10.8752369044726190),
(878, 106.8047334486859800, 10.8745836624638200),
(879, 106.8038322264569500, 10.8740357809660930),
(880, 106.8031455809491200, 10.8747943858487980),
(881, 10.8750893983376360, 106.8052269751447200),
(882, 106.8052578270000500, 10.8750815060000720),
(883, 106.8051500000000800, 10.8746600000000630),
(884, 106.8047000000000800, 10.8739800000000740),
(885, 106.8042800000000600, 10.8737400000000550),
(886, 106.8032700000000500, 10.8735800000000600),
(887, 106.8027700000000700, 10.8735700000000300),
(888, 106.8027700000000700, 10.8734700000000540),
(889, 106.8032600000000800, 10.8734900000000600),
(890, 106.8032631990000700, 10.8734904100000450),
(891, 10.8734036087565950, 106.8032743269818200),
(892, 106.8048621947186800, 10.8755529888019000),
(893, 106.8047119910138600, 10.8748576028352520),
(894, 106.8033172423260600, 10.8739304190242280),
(895, 10.8749208198083240, 106.8054200941937900),
(896, 106.8054800000000500, 10.8750200000000630),
(897, 106.8053800000000700, 10.8750900000000570),
(898, 106.8053400000000600, 10.8751900000000320),
(899, 106.8052700000000600, 10.8751600000000500),
(900, 106.8052600000000300, 10.8751300000000700),
(901, 106.8052600000000300, 10.8750900000000570),
(902, 106.8051500000000800, 10.8746600000000630),
(903, 106.8047000000000800, 10.8739800000000740),
(904, 106.8042800000000600, 10.8737400000000550),
(905, 106.8032700000000500, 10.8735800000000600),
(906, 106.8028885070000300, 10.8735723700000340),
(907, 10.8735932605601300, 106.8028880888836800),
(908, 106.8048836523908000, 10.8759744340531410),
(909, 106.8047334486859800, 10.8749418921296930),
(910, 106.8044974142926500, 10.8744150836486390),
(911, 106.8039180571454200, 10.8742465047381690),
(912, 10.8750472537142400, 106.8053986365216700),
(913, 106.8054125900000600, 10.8750671870000700),
(914, 106.8053800000000700, 10.8750900000000570),
(915, 106.8053400000000600, 10.8751900000000320),
(916, 106.8052700000000600, 10.8751600000000500),
(917, 106.8052600000000300, 10.8751300000000700),
(918, 106.8052600000000300, 10.8750900000000570),
(919, 106.8051500000000800, 10.8746600000000630),
(920, 106.8047000000000800, 10.8739800000000740),
(921, 106.8042800000000600, 10.8737400000000550),
(922, 106.8032700000000500, 10.8735800000000600),
(923, 106.8027700000000700, 10.8735700000000300),
(924, 106.8027700000000700, 10.8734700000000540),
(925, 106.8029691580000500, 10.8734781290000340),
(926, 10.8733614638950000, 106.8029739195721500),
(927, 106.8051840598004800, 10.8756162056275580),
(928, 106.8047119910138600, 10.8743729389299530),
(929, 106.8030812079327600, 10.8737829122430850),
(930, 10.8751526152615600, 106.8052913481610900),
(931, 106.8052769820000700, 10.8751669820000530),
(932, 106.8052700000000600, 10.8751600000000500),
(933, 106.8052600000000300, 10.8751300000000700),
(934, 106.8052600000000300, 10.8750900000000570),
(935, 106.8051500000000800, 10.8746600000000630),
(936, 106.8047000000000800, 10.8739800000000740),
(937, 106.8042800000000600, 10.8737400000000550),
(938, 106.8032700000000500, 10.8735800000000600),
(939, 106.8027700000000700, 10.8735700000000300),
(940, 106.8022900000000800, 10.8736100000000420),
(941, 106.8017500000000800, 10.8736900000000670),
(942, 106.8017200000000500, 10.8735900000000360),
(943, 106.8023000000000600, 10.8735100000000670),
(944, 106.8026993390000700, 10.8734760140000620),
(945, 10.8734246811851720, 106.8026949698345900),
(946, 106.8048836523908000, 10.8754897719628560),
(947, 106.8045832449811300, 10.8748576028352520),
(948, 106.8032099539654600, 10.8741411428707430),
(949, 106.8015577132122600, 10.8741411428707430),
(950, 10.8749840367679730, 106.8053342635053300),
(951, 106.8053200000000500, 10.8750600000000760),
(952, 106.8053800000000700, 10.8750900000000570),
(953, 106.8053400000000600, 10.8751900000000320),
(954, 106.8052700000000600, 10.8751600000000500),
(955, 106.8052600000000300, 10.8751300000000700),
(956, 106.8052600000000300, 10.8750900000000570),
(957, 106.8051500000000800, 10.8746600000000630),
(958, 106.8047000000000800, 10.8739800000000740),
(959, 106.8042800000000600, 10.8737400000000550),
(960, 106.8032700000000500, 10.8735800000000600),
(961, 106.8027700000000700, 10.8735700000000300),
(962, 106.8022900000000800, 10.8736100000000420),
(963, 106.8017500000000800, 10.8736900000000670),
(964, 106.8017200000000500, 10.8735900000000360),
(965, 106.8023000000000600, 10.8735100000000670),
(966, 106.8024401370000800, 10.8734980730000640),
(967, 10.8734668260378480, 106.8024374777691500),
(968, 106.8047978217023200, 10.8753001213652730),
(969, 106.8046690756696200, 10.8745625901171220),
(970, 106.8037034804242200, 10.8744993730681370),
(971, 106.8022443587200900, 10.8738250570451380),
(972, 10.8761430119868740, 106.8041648203748100),
(973, 106.8041724340000700, 10.8761658550000670),
(974, 106.8045700000000700, 10.8760000000000330),
(975, 106.8051200000000400, 10.8753900000000390),
(976, 106.8052700000000600, 10.8751600000000500),
(977, 106.8052600000000300, 10.8751300000000700),
(978, 106.8052600000000300, 10.8750900000000570),
(979, 106.8051500000000800, 10.8746600000000630),
(980, 106.8047000000000800, 10.8739800000000740),
(981, 106.8042617490000300, 10.8737354370000500),
(982, 10.8739514914155800, 106.8042077357190500),
(983, 106.8031133944409300, 10.8758901450505510),
(984, 106.8044437701123600, 10.8750261814003010),
(985, 106.8038858706372500, 10.8744993730681370),
(986, 106.8039502436536200, 10.8740568533500020),
(987, 106.8016757304089200, 10.8735511157253290),
(988, 10.8751736875665550, 106.8053879076856300),
(989, 106.8053800000000700, 10.8751700000000260),
(990, 106.8053400000000600, 10.8751900000000320),
(991, 106.8052700000000600, 10.8751600000000500),
(992, 106.8052600000000300, 10.8751300000000700),
(993, 106.8052600000000300, 10.8750900000000570),
(994, 106.8051500000000800, 10.8746600000000630),
(995, 106.8047000000000800, 10.8739800000000740),
(996, 106.8042800000000600, 10.8737400000000550),
(997, 106.8032700000000500, 10.8735800000000600),
(998, 106.8027700000000700, 10.8735700000000300),
(999, 106.8027700000000700, 10.8734700000000540),
(1000, 106.8032600000000800, 10.8734900000000600),
(1001, 106.8043000000000700, 10.8736500000000550),
(1002, 106.8047600000000400, 10.8739100000000240),
(1003, 106.8047826580000800, 10.8739374280000330),
(1004, 10.8739514914155800, 106.8047656351941600),
(1005, 10.8750261814003010, 106.8051733309644200),
(1006, 106.8052393540000400, 10.8750092910000260),
(1007, 106.8051500000000800, 10.8746600000000630),
(1008, 106.8047000000000800, 10.8739800000000740),
(1009, 106.8042800000000600, 10.8737400000000550),
(1010, 106.8032700000000500, 10.8735800000000600),
(1011, 106.8027700000000700, 10.8735700000000300),
(1012, 106.8027700000000700, 10.8734700000000540),
(1013, 106.8032600000000800, 10.8734900000000600),
(1014, 106.8037170780000300, 10.8735486000000500),
(1015, 10.8734036087565950, 106.8037356669324000),
(1016, 106.8047870928662800, 10.8756794224398200),
(1017, 106.8048085505384000, 10.8746679518356720),
(1018, 106.8032850558179000, 10.8739093466313880),
(1019, 10.8753211936598600, 106.8051733309644200),
(1020, 106.8051673970000500, 10.8753173240000360),
(1021, 106.8052700000000600, 10.8751600000000500),
(1022, 106.8052600000000300, 10.8751300000000700),
(1023, 106.8052600000000300, 10.8750900000000570),
(1024, 106.8051500000000800, 10.8746600000000630),
(1025, 106.8047000000000800, 10.8739800000000740),
(1026, 106.8042800000000600, 10.8737400000000550),
(1027, 106.8032700000000500, 10.8735800000000600),
(1028, 106.8027700000000700, 10.8735700000000300),
(1029, 106.8027700000000700, 10.8734700000000540),
(1030, 106.8032600000000800, 10.8734900000000600),
(1031, 106.8036063620000400, 10.8735344050000440),
(1032, 10.8735300433056940, 106.8036069208996800),
(1033, 106.8044437701123600, 10.8758269282829690),
(1034, 106.8043579394238700, 10.8752790490692100),
(1035, 106.8036927515881600, 10.8742886494747180),
(1036, 106.8028344447033600, 10.8653959781582530),
(1037, 10.8753422659529320, 106.8045510584729500),
(1038, 106.8045632330000700, 10.8751068910000300),
(1039, 106.8052600000000300, 10.8751300000000700),
(1040, 106.8052600000000300, 10.8750900000000570),
(1041, 106.8051500000000800, 10.8746600000000630),
(1042, 106.8047000000000800, 10.8739800000000740),
(1043, 106.8043977880000700, 10.8737858060000580),
(1044, 10.8738882742370590, 106.8043579394238700),
(1045, 106.8037142092602800, 10.8757847837637910),
(1046, 106.8037785822766400, 10.8750893983376360),
(1047, 106.8039073283093600, 10.8744361560057430),
(1048, 10.8749418921296930, 106.8053235346692600),
(1049, 106.8052283410000900, 10.8749662440000630),
(1050, 106.8051500000000800, 10.8746600000000630),
(1051, 106.8047000000000800, 10.8739800000000740),
(1052, 106.8042800000000600, 10.8737400000000550),
(1053, 106.8032700000000500, 10.8735800000000600),
(1054, 106.8027700000000700, 10.8735700000000300),
(1055, 106.8027700000000700, 10.8734700000000540),
(1056, 106.8031538210000800, 10.8734856660000220),
(1057, 10.8734246811851720, 106.8031563097851800),
(1058, 106.8037356669324000, 10.8761008675123800),
(1059, 106.8039287859814800, 10.8752158321720900),
(1060, 106.8040146166699600, 10.8743729389299530),
(1061, 10.8750683260266890, 106.8053449923413800),
(1062, 106.8053449910000800, 10.8750683300000330),
(1063, 106.8053800000000700, 10.8750900000000570),
(1064, 106.8053400000000600, 10.8751900000000320),
(1065, 106.8052700000000600, 10.8751600000000500),
(1066, 106.8052600000000300, 10.8751300000000700),
(1067, 106.8052600000000300, 10.8750900000000570),
(1068, 106.8051500000000800, 10.8746600000000630),
(1069, 106.8047000000000800, 10.8739800000000740),
(1070, 106.8042800000000600, 10.8737400000000550),
(1071, 106.8032700000000500, 10.8735800000000600),
(1072, 106.8027700000000700, 10.8735700000000300),
(1073, 106.8022900000000800, 10.8736100000000420),
(1074, 106.8017500000000800, 10.8736900000000670),
(1075, 106.8017200000000500, 10.8735900000000360),
(1076, 106.8023000000000600, 10.8735100000000670),
(1077, 106.8025821700000500, 10.8734859850000590),
(1078, 10.8734246811851720, 106.8025769526379500),
(1079, 106.8044008547681000, 10.8763326620484090),
(1080, 106.8042077357190500, 10.8754897719628560),
(1081, 106.8038858706372500, 10.8745625901171220),
(1082, 106.8025769526379500, 10.8738461294439330),
(1083, 10.8750893983376360, 106.8051518732923000),
(1084, 106.8051518730000600, 10.8751300000000700),
(1085, 106.8052600000000300, 10.8751300000000700),
(1086, 106.8052600000000300, 10.8750900000000570),
(1087, 106.8051500000000800, 10.8746600000000630),
(1088, 106.8047000000000800, 10.8739800000000740),
(1089, 106.8042800000000600, 10.8737400000000550),
(1090, 106.8032700000000500, 10.8735800000000600),
(1091, 106.8027700000000700, 10.8735700000000300),
(1092, 106.8027700000000700, 10.8734700000000540),
(1093, 106.8032600000000800, 10.8734900000000600),
(1094, 106.8033001800000600, 10.8734951510000430),
(1095, 10.8734457536122480, 106.8033065134900300),
(1096, 106.8048300082105200, 10.8759744340531410),
(1097, 106.8048085505384000, 10.8751315429550800),
(1098, 106.8042721087353900, 10.8743097218407530),
(1099, 10.8758690727961780, 106.8049587542432300),
(1100, 106.8049348410000300, 10.8758439010000530),
(1101, 106.8046200000000600, 10.8760900000000330);
INSERT INTO `point` (`id`, `longitude`, `latitude`) VALUES
(1102, 106.8042800000000600, 10.8762300000000210),
(1103, 106.8039300000000400, 10.8763500000000590),
(1104, 106.8033100000000700, 10.8765200000000280),
(1105, 106.8032500000000500, 10.8765900000000220),
(1106, 106.8032100000000400, 10.8766000000000530),
(1107, 106.8031800000000500, 10.8765900000000220),
(1108, 106.8031300000000700, 10.8765300000000600),
(1109, 106.8031400000000400, 10.8764600000000660),
(1110, 106.8031700000000800, 10.8764300000000280),
(1111, 106.8032600000000800, 10.8764300000000280),
(1112, 106.8034900000000700, 10.8763600000000340),
(1113, 106.8032700000000500, 10.8735800000000600),
(1114, 106.8027700000000700, 10.8735700000000300),
(1115, 106.8027700000000700, 10.8734700000000540),
(1116, 106.8032600000000800, 10.8734900000000600),
(1117, 106.8043000000000700, 10.8736500000000550),
(1118, 106.8047600000000400, 10.8739100000000240),
(1119, 106.8048539310000800, 10.8740237060000600),
(1120, 10.8739725638054450, 106.8049158388989900),
(1121, 106.8047656351941600, 10.8751526152615600),
(1122, 106.8057312304395500, 10.8747733135169980),
(1123, 106.8046583468335500, 10.8741411428707430),
(1124, 10.8751104706470960, 106.8053449923413800),
(1125, 106.8053652120000800, 10.8750801410000690),
(1126, 106.8053800000000700, 10.8750900000000570),
(1127, 106.8053400000000600, 10.8751900000000320),
(1128, 106.8052700000000600, 10.8751600000000500),
(1129, 106.8052600000000300, 10.8751300000000700),
(1130, 106.8052600000000300, 10.8750900000000570),
(1131, 106.8051500000000800, 10.8746600000000630),
(1132, 106.8047000000000800, 10.8739800000000740),
(1133, 106.8042800000000600, 10.8737400000000550),
(1134, 106.8032700000000500, 10.8735800000000600),
(1135, 106.8029198370000500, 10.8735729970000530),
(1136, 10.8735511157253290, 106.8029202753918600),
(1137, 106.8050231272595700, 10.8755529888019000),
(1138, 106.8048729235547700, 10.8748786751611000),
(1139, 106.8043364817517500, 10.8743307942053120),
(1140, 106.8028129870312500, 10.8741411428707430),
(1141, 10.8750893983376360, 106.8053771788495700),
(1142, 106.8053777690000700, 10.8750885130000370),
(1143, 106.8053800000000700, 10.8750900000000570),
(1144, 106.8053400000000600, 10.8751900000000320),
(1145, 106.8052700000000600, 10.8751600000000500),
(1146, 106.8052600000000300, 10.8751300000000700),
(1147, 106.8052600000000300, 10.8750900000000570),
(1148, 106.8051500000000800, 10.8746600000000630),
(1149, 106.8047000000000800, 10.8739800000000740),
(1150, 106.8042800000000600, 10.8737400000000550),
(1151, 106.8032700000000500, 10.8735800000000600),
(1152, 106.8027700000000700, 10.8735700000000300),
(1153, 106.8027700000000700, 10.8734700000000540),
(1154, 106.8027771900000900, 10.8733046210000450),
(1155, 10.8732982465914300, 106.8026305968182300),
(1156, 106.8050123984235300, 10.8753211936598600),
(1157, 106.8048407370465600, 10.8747943858487980),
(1158, 106.8042399222272100, 10.8739514914155800),
(1159, 106.8033816153424200, 10.8736564778011820),
(1160, 106.8028237158673200, 10.8737196950288380),
(1161, 10.8751315429550800, 106.8052806193250200),
(1162, 106.8052625250000500, 10.8751375740000640),
(1163, 106.8052600000000300, 10.8751300000000700),
(1164, 106.8052600000000300, 10.8750900000000570),
(1165, 106.8051500000000800, 10.8746600000000630),
(1166, 106.8047000000000800, 10.8739800000000740),
(1167, 106.8042800000000600, 10.8737400000000550),
(1168, 106.8032700000000500, 10.8735800000000600),
(1169, 106.8027700000000700, 10.8735700000000300),
(1170, 106.8027700000000700, 10.8734700000000540),
(1171, 106.8027746700000800, 10.8733625970000390),
(1172, 10.8733614638950000, 106.8027486140149000),
(1173, 106.8052806193249600, 10.8750841302598320),
(1174, 106.8053423101322700, 10.8746811220478140),
(1175, 106.8052833015339500, 10.8737091588251400),
(1176, 106.8046730989830500, 10.8739409552201780),
(1177, 106.8045175308602200, 10.8739989042907460),
(1178, 10.8751315429548500, 106.8052698904891000),
(1179, 106.8052614520000800, 10.8751343560000460),
(1180, 106.8052600000000300, 10.8751300000000700),
(1181, 106.8052600000000300, 10.8750900000000570),
(1182, 106.8051500000000800, 10.8746600000000630),
(1183, 106.8047000000000800, 10.8739800000000740),
(1184, 106.8042800000000600, 10.8737400000000550),
(1185, 106.8032700000000500, 10.8735800000000600),
(1186, 106.8027700000000700, 10.8735700000000300),
(1187, 106.8027700000000700, 10.8734700000000540),
(1188, 106.8027800000000400, 10.8732400000000670),
(1189, 106.8027900000000700, 10.8730900000000470),
(1190, 106.8028000000000500, 10.8718500000000520),
(1191, 106.8026109450000800, 10.8714218910000680),
(1192, 10.8714227938245890, 106.8026091391465400),
(1193, 106.8053664500136500, 10.8749524282896250),
(1194, 106.8053020769973000, 10.8746363433238520),
(1195, 106.8050982291121900, 10.8742465047380430),
(1196, 106.8049372965713000, 10.8740779257323080),
(1197, 106.8043472105880900, 10.8734562898251960),
(1198, 106.8042077357193200, 10.8730769859234150),
(1199, 106.8034996325394700, 10.8733614638949750),
(1200, 106.8033708865067600, 10.8734668260378110),
(1201, 106.8030597502610600, 10.8733087828095930),
(1202, 106.8028988177201800, 10.8734562898251960),
(1203, 106.8028559023759500, 10.8730348410156750),
(1204, 106.8028773600480600, 10.8726871452995320),
(1205, 106.8028988177201800, 10.8722762316579670),
(1206, 10.8749629644495830, 106.8052162463086700),
(1207, 106.8052268110000700, 10.8749602610000700),
(1208, 106.8051500000000800, 10.8746600000000630),
(1209, 106.8047000000000800, 10.8739800000000740),
(1210, 106.8042800000000600, 10.8737400000000550),
(1211, 106.8032700000000500, 10.8735800000000600),
(1212, 106.8027700000000700, 10.8735700000000300),
(1213, 106.8022900000000800, 10.8736100000000420),
(1214, 106.8017500000000800, 10.8736900000000670),
(1215, 106.8017200000000500, 10.8735900000000360),
(1216, 106.8023000000000600, 10.8735100000000670),
(1217, 106.8026176550000600, 10.8734829660000400),
(1218, 10.8735089708845600, 106.8026198679821900),
(1219, 106.8053288990873400, 10.8748523347536320),
(1220, 106.8050284916776200, 10.8746100028951140),
(1221, 106.8052645260709600, 10.8739198828279480),
(1222, 106.8046476179974600, 10.8737513036375760),
(1223, 106.8035318190471100, 10.8731560076092820),
(1224, 106.8028505379572300, 10.8737354993335950),
(1225, 106.8019439513100700, 10.8737460355363390),
(1226, 10.8750893983376360, 106.8053020769971400),
(1227, 106.8052950500000400, 10.8750683170000570),
(1228, 106.8053200000000500, 10.8750600000000760),
(1229, 106.8053800000000700, 10.8750900000000570),
(1230, 106.8053400000000600, 10.8751900000000320),
(1231, 106.8052700000000600, 10.8751600000000500),
(1232, 106.8052600000000300, 10.8751300000000700),
(1233, 106.8052600000000300, 10.8750900000000570),
(1234, 106.8051500000000800, 10.8746600000000630),
(1235, 106.8047000000000800, 10.8739800000000740),
(1236, 106.8042800000000600, 10.8737400000000550),
(1237, 106.8032700000000500, 10.8735800000000600),
(1238, 106.8027700000000700, 10.8735700000000300),
(1239, 106.8027700000000700, 10.8734700000000540),
(1240, 106.8028761930000900, 10.8734743340000360),
(1241, 10.8734457536122480, 106.8028773600476200),
(1242, 106.8052859837430800, 10.8750209133216840),
(1243, 106.8051143223661100, 10.8750367175575500),
(1244, 106.8050553137677700, 10.8747838496831400),
(1245, 106.8046637112515400, 10.8745257135068880),
(1246, 106.8041916424648600, 10.8743097218407650),
(1247, 106.8040092522518300, 10.8738830061382130),
(1248, 106.8036552006618200, 10.8735932605600660),
(1249, 10.8750893983376360, 106.8053235346692600),
(1250, 106.8053320010000700, 10.8750640000000660),
(1251, 106.8053800000000700, 10.8750900000000570),
(1252, 106.8053400000000600, 10.8751900000000320),
(1253, 106.8052700000000600, 10.8751600000000500),
(1254, 106.8052600000000300, 10.8751300000000700),
(1255, 106.8052600000000300, 10.8750900000000570),
(1256, 106.8051500000000800, 10.8746600000000630),
(1257, 106.8047000000000800, 10.8739800000000740),
(1258, 106.8042800000000600, 10.8737400000000550),
(1259, 106.8032700000000500, 10.8735800000000600),
(1260, 106.8027700000000700, 10.8735700000000300),
(1261, 106.8027700000000700, 10.8734700000000540),
(1262, 106.8027913640000900, 10.8734708720000410),
(1263, 10.8734668260378480, 106.8027915293591300),
(1264, 106.8053020769971400, 10.8749629644495830),
(1265, 106.8053879076856300, 10.8746468794949430),
(1266, 106.8053449923413800, 10.8741622152472100),
(1267, 106.8050016695874500, 10.8741411428707430),
(1268, 106.8041862780469300, 10.8734036087565950),
(1269, 106.8035854632275600, 10.8727925076805150),
(1270, 10.8750683260266890, 106.8053020769971400),
(1271, 106.8053013720000900, 10.8750662100000570),
(1272, 106.8053200000000500, 10.8750600000000760),
(1273, 106.8053800000000700, 10.8750900000000570),
(1274, 106.8053400000000600, 10.8751900000000320),
(1275, 106.8052700000000600, 10.8751600000000500),
(1276, 106.8052600000000300, 10.8751300000000700),
(1277, 106.8052600000000300, 10.8750900000000570),
(1278, 106.8051500000000800, 10.8746600000000630),
(1279, 106.8047000000000800, 10.8739800000000740),
(1280, 106.8042800000000600, 10.8737400000000550),
(1281, 106.8032700000000500, 10.8735800000000600),
(1282, 106.8027700000000700, 10.8735700000000300),
(1283, 106.8027700000000700, 10.8734700000000540),
(1284, 106.8027710520000800, 10.8734457970000450),
(1285, 10.8734457536122480, 106.8027700716870200),
(1286, 106.8052806193250200, 10.8749208198083240),
(1287, 106.8055810267347000, 10.8740357809660930),
(1288, 106.8041648203748100, 10.8742043599956550),
(1289, 106.8031777674573000, 10.8742043599956550),
(1290, 106.8031992251294200, 10.8732350292744520),
(1291, 10.8750893983376360, 106.8053449923413800),
(1292, 106.8053554860000500, 10.8750736570000300),
(1293, 106.8053800000000700, 10.8750900000000570),
(1294, 106.8053400000000600, 10.8751900000000320),
(1295, 106.8052700000000600, 10.8751600000000500),
(1296, 106.8052600000000300, 10.8751300000000700),
(1297, 106.8052600000000300, 10.8750900000000570),
(1298, 106.8051500000000800, 10.8746600000000630),
(1299, 106.8047000000000800, 10.8739800000000740),
(1300, 106.8042800000000600, 10.8737400000000550),
(1301, 106.8032700000000500, 10.8735800000000600),
(1302, 106.8027700000000700, 10.8735700000000300),
(1303, 106.8027700000000700, 10.8734700000000540),
(1304, 106.8027800000000400, 10.8732400000000670),
(1305, 106.8027900000000700, 10.8730900000000470),
(1306, 106.8028084870000500, 10.8727895900000250),
(1307, 10.8727925076805150, 106.8028559023754800),
(1308, 106.8053235346692600, 10.8749418921296930),
(1309, 106.8053449923413800, 10.8747522411837100),
(1310, 106.8053879076856300, 10.8746258071527230),
(1311, 106.8054093653577500, 10.8744361560057430),
(1312, 106.8054951960462200, 10.8742465047381690),
(1313, 106.8055917555707700, 10.8736670140067630),
(1314, 106.8055917555707700, 10.8739725638054450),
(1315, 106.8057956034558900, 10.8729294787203370),
(1316, 10.8792195425359650, 106.8068470293897600),
(1317, 106.8068030230000400, 10.8792474280000420),
(1318, 106.8071300000000900, 10.8797500000000580),
(1319, 106.8070600000000400, 10.8798000000000460),
(1320, 106.8061100000000500, 10.8783400000000370),
(1321, 106.8060400000000500, 10.8782400000000620),
(1322, 106.8054600000000400, 10.8773700000000420),
(1323, 106.8051300000000800, 10.8768400000000720),
(1324, 106.8050300000000400, 10.8766900000000530),
(1325, 106.8046200000000600, 10.8760900000000330),
(1326, 106.8042800000000600, 10.8762300000000210),
(1327, 106.8039300000000400, 10.8763500000000590),
(1328, 106.8033100000000700, 10.8765200000000280),
(1329, 106.8032500000000500, 10.8765900000000220),
(1330, 106.8032100000000400, 10.8766000000000530),
(1331, 106.8031800000000500, 10.8765900000000220),
(1332, 106.8031300000000700, 10.8765300000000600),
(1333, 106.8031400000000400, 10.8764600000000660),
(1334, 106.8031700000000800, 10.8764300000000280),
(1335, 106.8032600000000800, 10.8764300000000280),
(1336, 106.8034900000000700, 10.8763600000000340),
(1337, 106.8032700000000500, 10.8735800000000600),
(1338, 106.8027700000000700, 10.8735700000000300),
(1339, 106.8027700000000700, 10.8734700000000540),
(1340, 106.8027800000000400, 10.8732400000000670),
(1341, 106.8027900000000700, 10.8730900000000470),
(1342, 106.8028000000000500, 10.8718500000000520),
(1343, 106.8019500000000300, 10.8705600000000690),
(1344, 106.8019758000000400, 10.8705356880000750),
(1345, 10.8705588172345720, 106.8019975954907000),
(1346, 106.8069757754224900, 10.8792195425359650),
(1347, 106.8060316378492200, 10.8793670466277600),
(1348, 106.8059672648328400, 10.8786716695560060),
(1349, 106.8047012621777900, 10.8776602091017590),
(1350, 106.8048300082105200, 10.8762062286874500),
(1351, 10.8750472537142400, 106.8053449923413800),
(1352, 106.8053386690000400, 10.8750662230000330),
(1353, 106.8053800000000700, 10.8750900000000570),
(1354, 106.8053400000000600, 10.8751900000000320),
(1355, 106.8052700000000600, 10.8751600000000500),
(1356, 106.8052600000000300, 10.8751300000000700),
(1357, 106.8052600000000300, 10.8750900000000570),
(1358, 106.8051500000000800, 10.8746600000000630),
(1359, 106.8047000000000800, 10.8739800000000740),
(1360, 106.8042800000000600, 10.8737400000000550),
(1361, 106.8032700000000500, 10.8735800000000600),
(1362, 106.8027700000000700, 10.8735700000000300),
(1363, 106.8027700000000700, 10.8734700000000540),
(1364, 106.8027800000000400, 10.8732400000000670),
(1365, 106.8027900000000700, 10.8730900000000470),
(1366, 106.8028096170000400, 10.8727712280000330),
(1367, 10.8727714352072940, 106.8028129870312500),
(1368, 106.8053557211773900, 10.8750604239096770),
(1369, 106.8053825432675400, 10.8749998410058120),
(1370, 106.8054710561650000, 10.8748918453640440),
(1371, 106.8055247003452900, 10.8747838496831650),
(1372, 106.8056212598697800, 10.8745546879868920),
(1373, 10.8750472537142400, 106.8052591616529000),
(1374, 106.8052496850000400, 10.8750496780000390),
(1375, 106.8051500000000800, 10.8746600000000630),
(1376, 106.8047000000000800, 10.8739800000000740),
(1377, 106.8042800000000600, 10.8737400000000550),
(1378, 106.8032700000000500, 10.8735800000000600),
(1379, 106.8027700000000700, 10.8735700000000300),
(1380, 106.8027700000000700, 10.8734700000000540),
(1381, 106.8027800000000400, 10.8732400000000670),
(1382, 106.8027900000000700, 10.8730900000000470),
(1383, 106.8028000000000500, 10.8718500000000520),
(1384, 106.8019500000000300, 10.8705600000000690),
(1385, 106.8016445680000900, 10.8702507640000480),
(1386, 10.8702848729153840, 106.8016113573925600),
(1387, 106.8060960108655700, 10.8745415177689600),
(1388, 106.8053235346692600, 10.8746890241749150),
(1389, 106.8041862780469300, 10.8737829122430850),
(1390, 106.8027486140149000, 10.8728135801522600),
(1391, 106.8040789896863200, 10.8713806486829530),
(1392, 10.8750683260266890, 106.8052591616529000),
(1393, 106.8052547450000700, 10.8750694560000620),
(1394, 106.8052600000000300, 10.8750900000000570),
(1395, 106.8053200000000500, 10.8750600000000760),
(1396, 106.8053800000000700, 10.8750900000000570),
(1397, 106.8053400000000600, 10.8751900000000320),
(1398, 106.8052200000000800, 10.8754000000000700),
(1399, 106.8050800000000300, 10.8756700000000700),
(1400, 106.8046200000000600, 10.8760900000000330),
(1401, 106.8042800000000600, 10.8762300000000210),
(1402, 106.8039300000000400, 10.8763500000000590),
(1403, 106.8033100000000700, 10.8765200000000280),
(1404, 106.8032500000000500, 10.8765900000000220),
(1405, 106.8032100000000400, 10.8766000000000530),
(1406, 106.8031800000000500, 10.8765900000000220),
(1407, 106.8031300000000700, 10.8765300000000600),
(1408, 106.8022000000000800, 10.8765900000000220),
(1409, 106.8017800000000600, 10.8765500000000660),
(1410, 106.8015800000000600, 10.8765100000000530),
(1411, 106.8007900000000600, 10.8763800000000400),
(1412, 106.8004600000000400, 10.8771300000000220),
(1413, 106.8004000000000800, 10.8772700000000670),
(1414, 106.8003700000000400, 10.8773200000000540),
(1415, 106.7999600000000600, 10.8781400000000300),
(1416, 106.7995100000000500, 10.8787800000000630),
(1417, 106.7993200000000800, 10.8790500000000630),
(1418, 106.7990200000000400, 10.8794000000000320),
(1419, 106.7971300000000400, 10.8800700000000460),
(1420, 106.7966100000000400, 10.8810800000000540),
(1421, 106.8003400000000600, 10.8830600000000570),
(1422, 106.8006892200000400, 10.8831794700000730),
(1423, 10.8831810556568380, 106.8006886774914100),
(1424, 106.8053020769971400, 10.8751104706470960),
(1425, 106.8054951960462200, 10.8754054828232600),
(1426, 106.8057097727674300, 10.8769226836906880),
(1427, 106.8042721087353900, 10.8763748064901320),
(1428, 106.8027915293591300, 10.8764801675684240),
(1429, 106.8016757304089200, 10.8765644564042390),
(1430, 106.7997230822460200, 10.8783766606113090),
(1431, 106.7995728785412000, 10.8802520696458660),
(1432, 106.7979206377879700, 10.8809052992356820),
(1433, 106.7998732859508500, 10.8820853232528860),
(1434, 10.8811370900363400, 106.7966546351329000),
(1435, 106.7966402880000500, 10.8811679910000400),
(1436, 106.7965800000000600, 10.8811400000000730),
(1437, 106.7966100000000400, 10.8810800000000540),
(1438, 106.7998404640000600, 10.8828638470000670),
(1439, 10.8828860511751600, 106.7998303706066100),
(1440, 106.7984999949352000, 10.8821063950678720),
(1441, 10.8750893983376360, 106.8052806193250200),
(1442, 106.8052745530000600, 10.8750802980000570),
(1443, 106.8053200000000500, 10.8750600000000760),
(1444, 106.8053800000000700, 10.8750900000000570),
(1445, 106.8055600000000700, 10.8749900000000250),
(1446, 106.8065400000000400, 10.8745200000000750),
(1447, 106.8072800000000500, 10.8741300000000360),
(1448, 106.8074600000000500, 10.8740200000000300),
(1449, 106.8076400000000500, 10.8739100000000240),
(1450, 106.8078600000000600, 10.8737600000000610),
(1451, 106.8081200000000900, 10.8734900000000600),
(1452, 106.8082000000000600, 10.8734000000000600),
(1453, 106.8084400000000800, 10.8731100000000540),
(1454, 106.8084800000000900, 10.8730500000000350),
(1455, 106.8078500000000900, 10.8721900000000460),
(1456, 106.8076900000000400, 10.8719800000000650),
(1457, 106.8074200000000400, 10.8716200000000640),
(1458, 106.8072100000000500, 10.8713400000000320),
(1459, 106.8070000000000700, 10.8710400000000500),
(1460, 106.8067600000000500, 10.8707300000000370),
(1461, 106.8062000000000500, 10.8700300000000420),
(1462, 106.8045100000000500, 10.8683200000000400),
(1463, 106.8035700000000400, 10.8675100000000380),
(1464, 106.8024800000000600, 10.8667800000000630),
(1465, 106.8018300000000500, 10.8663900000000240),
(1466, 106.8009900000000700, 10.8658900000000360),
(1467, 106.8008400000000500, 10.8657900000000610),
(1468, 106.8007100000000400, 10.8657200000000670),
(1469, 106.8001500000000900, 10.8653900000000480),
(1470, 106.7990700000000900, 10.8647500000000720),
(1471, 106.7986300000000600, 10.8645000000000210),
(1472, 106.7977900000000800, 10.8640100000000640),
(1473, 106.7976500000000300, 10.8639300000000390),
(1474, 106.7969500000000400, 10.8635100000000760),
(1475, 106.7961800000000500, 10.8630800000000250),
(1476, 106.7957000000000700, 10.8628000000000500),
(1477, 106.7956000000000400, 10.8627300000000560),
(1478, 106.7955000000000600, 10.8626600000000620),
(1479, 106.7953600000000700, 10.8625900000000680),
(1480, 106.7952300000000600, 10.8624900000000370),
(1481, 106.7950900000000700, 10.8624000000000360),
(1482, 106.7947500000000800, 10.8622000000000300),
(1483, 106.7945900000000800, 10.8622000000000300),
(1484, 106.7939800000000300, 10.8623100000000360),
(1485, 106.7937600000000800, 10.8624800000000620),
(1486, 106.7936600000000500, 10.8631100000000630),
(1487, 106.7940400000000500, 10.8635500000000320),
(1488, 106.7945000000000800, 10.8635600000000640),
(1489, 106.7948200000000700, 10.8633800000000630),
(1490, 106.7949500000000900, 10.8632400000000760),
(1491, 106.7951000000000500, 10.8630200000000630),
(1492, 106.7952900000000800, 10.8627100000000500),
(1493, 106.7953600000000700, 10.8625900000000680),
(1494, 106.7954500000000700, 10.8624400000000500),
(1495, 106.7955100000000400, 10.8623400000000740),
(1496, 106.7958200000000500, 10.8618600000000360),
(1497, 106.7959500000000600, 10.8616600000000290),
(1498, 106.7959300000000600, 10.8612900000000540),
(1499, 106.7956300000000700, 10.8608900000000400),
(1500, 106.7951300000000900, 10.8607700000000590),
(1501, 106.7947600000000500, 10.8609700000000660),
(1502, 106.7946100000000300, 10.8614600000000220),
(1503, 106.7948700000000600, 10.8620800000000490),
(1504, 106.7953300000000400, 10.8623600000000240),
(1505, 106.7954500000000700, 10.8624400000000500),
(1506, 106.7956000000000400, 10.8625200000000750),
(1507, 106.7957000000000700, 10.8625700000000620),
(1508, 106.7958700000000400, 10.8626700000000370),
(1509, 106.7964400000000800, 10.8630000000000560),
(1510, 106.7969700000000400, 10.8633100000000700),
(1511, 106.7971000000000600, 10.8633900000000380),
(1512, 106.7973000000000600, 10.8635200000000510),
(1513, 106.7978900000000500, 10.8638600000000450),
(1514, 106.7984100000000500, 10.8641700000000580),
(1515, 106.7987200000000600, 10.8643600000000330),
(1516, 106.7991400000000800, 10.8646400000000650),
(1517, 106.7996700000000500, 10.8648500000000470),
(1518, 106.7997877580000400, 10.8649123430000710),
(1519, 10.8649534449389670, 106.7997659975902700),
(1520, 106.8059028918164000, 10.8778077139650530),
(1521, 106.8051733309643400, 10.8751947598700730),
(1522, 106.8071903521436000, 10.8737618398398240),
(1523, 106.8057741457836900, 10.8724553479302250),
(1524, 106.8061603838818500, 10.8707695434628010),
(1525, 106.8000664049998500, 10.8654170511523330),
(1526, 106.7955173785104800, 10.8626354030727620),
(1527, 10.8750472537142400, 106.8053342635053300),
(1528, 106.8053290140000500, 10.8750630050000720),
(1529, 106.8053800000000700, 10.8750900000000570),
(1530, 106.8055600000000700, 10.8749900000000250),
(1531, 106.8065400000000400, 10.8745200000000750),
(1532, 106.8072800000000500, 10.8741300000000360),
(1533, 106.8074600000000500, 10.8740200000000300),
(1534, 106.8076400000000500, 10.8739100000000240),
(1535, 106.8078600000000600, 10.8737600000000610),
(1536, 106.8081200000000900, 10.8734900000000600),
(1537, 106.8082000000000600, 10.8734000000000600),
(1538, 106.8084400000000800, 10.8731100000000540),
(1539, 106.8084800000000900, 10.8730500000000350),
(1540, 106.8078500000000900, 10.8721900000000460),
(1541, 106.8076900000000400, 10.8719800000000650),
(1542, 106.8074200000000400, 10.8716200000000640),
(1543, 106.8072100000000500, 10.8713400000000320),
(1544, 106.8070000000000700, 10.8710400000000500),
(1545, 106.8067600000000500, 10.8707300000000370),
(1546, 106.8062000000000500, 10.8700300000000420),
(1547, 106.8045100000000500, 10.8683200000000400),
(1548, 106.8035700000000400, 10.8675100000000380),
(1549, 106.8024800000000600, 10.8667800000000630),
(1550, 106.8018300000000500, 10.8663900000000240),
(1551, 106.8009900000000700, 10.8658900000000360),
(1552, 106.8008400000000500, 10.8657900000000610),
(1553, 106.8007100000000400, 10.8657200000000670),
(1554, 106.8001500000000900, 10.8653900000000480),
(1555, 106.7990700000000900, 10.8647500000000720),
(1556, 106.7986300000000600, 10.8645000000000210),
(1557, 106.7977900000000800, 10.8640100000000640),
(1558, 106.7976500000000300, 10.8639300000000390),
(1559, 106.7969500000000400, 10.8635100000000760),
(1560, 106.7961800000000500, 10.8630800000000250),
(1561, 106.7957000000000700, 10.8628000000000500),
(1562, 106.7956000000000400, 10.8627300000000560),
(1563, 106.7955000000000600, 10.8626600000000620),
(1564, 106.7953600000000700, 10.8625900000000680),
(1565, 106.7952300000000600, 10.8624900000000370),
(1566, 106.7950900000000700, 10.8624000000000360),
(1567, 106.7947500000000800, 10.8622000000000300),
(1568, 106.7945900000000800, 10.8622000000000300),
(1569, 106.7939800000000300, 10.8623100000000360),
(1570, 106.7937600000000800, 10.8624800000000620),
(1571, 106.7936600000000500, 10.8631100000000630),
(1572, 106.7940400000000500, 10.8635500000000320),
(1573, 106.7945000000000800, 10.8635600000000640),
(1574, 106.7948200000000700, 10.8633800000000630),
(1575, 106.7949500000000900, 10.8632400000000760),
(1576, 106.7951000000000500, 10.8630200000000630),
(1577, 106.7952900000000800, 10.8627100000000500),
(1578, 106.7953600000000700, 10.8625900000000680),
(1579, 106.7954500000000700, 10.8624400000000500),
(1580, 106.7955100000000400, 10.8623400000000740),
(1581, 106.7958200000000500, 10.8618600000000360),
(1582, 106.7959500000000600, 10.8616600000000290),
(1583, 106.7962600000000700, 10.8612300000000350),
(1584, 106.7973300000000400, 10.8600600000000330),
(1585, 106.7977700000000700, 10.8596100000000320),
(1586, 106.7982300000000500, 10.8593400000000320),
(1587, 106.7981326330000800, 10.8595042100000680),
(1588, 10.8594954813019660, 106.7981244856731100),
(1589, 106.8059887225049200, 10.8781237955690300),
(1590, 106.8050016695874100, 10.8767119618093990),
(1591, 106.8051089579480100, 10.8755951333536330),
(1592, 106.8053235346692100, 10.8750683260264720),
(1593, 106.8057526881116000, 10.8737407674348590),
(1594, 106.8063749606030700, 10.8740568533497850),
(1595, 106.8074263865369500, 10.8740147085804910),
(1596, 106.8080486590284200, 10.8725396379033050),
(1597, 106.8058170611279500, 10.8696105473656200),
(1598, 106.8036069208996300, 10.8689151475465380),
(1599, 106.8037356669323500, 10.8679879452669100),
(1600, 106.8036712939160000, 10.8677772170743200),
(1601, 10.8803995732267750, 106.8073405558485100),
(1602, 106.8073663290000500, 10.8804386230000320),
(1603, 106.8074400000000400, 10.8803900000000340),
(1604, 106.8075200000000700, 10.8803500000000210),
(1605, 106.8075800000000900, 10.8804500000000530),
(1606, 106.8081200000000900, 10.8812900000000350),
(1607, 106.8083900000000900, 10.8816600000000680),
(1608, 106.8090200000000300, 10.8826000000000250),
(1609, 106.8099700000000800, 10.8819600000000500),
(1610, 106.8107900000000500, 10.8814200000000480),
(1611, 106.8110000000000400, 10.8813500000000540),
(1612, 106.8111400000000800, 10.8812600000000540),
(1613, 106.8109500000000500, 10.8810000000000290),
(1614, 106.8113400000000900, 10.8807400000000600),
(1615, 106.8116600000000700, 10.8805300000000220),
(1616, 106.8112300000000800, 10.8799400000000330),
(1617, 106.8114600000000700, 10.8797900000000710),
(1618, 106.8118300000000400, 10.8795500000000520),
(1619, 106.8121900000000400, 10.8792800000000510),
(1620, 106.8130400000000600, 10.8802800000000270),
(1621, 106.8134800000000800, 10.8805900000000400),
(1622, 106.8136100000000400, 10.8805100000000720),
(1623, 106.8139400000000600, 10.8802700000000530),
(1624, 106.8130900000000500, 10.8791500000000380),
(1625, 106.8127700000000600, 10.8788400000000250),
(1626, 106.8127563200000600, 10.8788508630000250),
(1627, 10.8788402459647650, 106.8127478892226800),
(1628, 106.8068041140455200, 10.8806945801695780),
(1629, 106.8070830637830800, 10.8803574293539640),
(1630, 106.8074693018812300, 10.8802942135335760),
(1631, 106.8078555399794000, 10.8817271021700980),
(1632, 106.8087138468641800, 10.8819799641555700),
(1633, 106.8091215426344600, 10.8822538977310880),
(1634, 106.8100227648634800, 10.8819799641555700),
(1635, 106.8119324976821500, 10.8815585273939170),
(1636, 106.8129410082717500, 10.8804206451609420),
(1637, 10.8750472537142400, 106.8053235346692600),
(1638, 106.8053200000000500, 10.8750600000000760),
(1639, 106.8053800000000700, 10.8750900000000570),
(1640, 106.8053400000000600, 10.8751900000000320),
(1641, 106.8052700000000600, 10.8751600000000500),
(1642, 106.8052600000000300, 10.8751300000000700),
(1643, 106.8052600000000300, 10.8750900000000570),
(1644, 106.8051500000000800, 10.8746600000000630),
(1645, 106.8047000000000800, 10.8739800000000740),
(1646, 106.8042800000000600, 10.8737400000000550),
(1647, 106.8032700000000500, 10.8735800000000600),
(1648, 106.8027700000000700, 10.8735700000000300),
(1649, 106.8022900000000800, 10.8736100000000420),
(1650, 106.8017500000000800, 10.8736900000000670),
(1651, 106.8017200000000500, 10.8735900000000360),
(1652, 106.8012500000000400, 10.8735800000000600),
(1653, 106.8008700000000900, 10.8733500000000730),
(1654, 106.8006342220000400, 10.8731886780000760),
(1655, 10.8731718119440900, 106.8006457621471600),
(1656, 10.8750472537142400, 106.8054308230298700),
(1657, 106.8054341910000700, 10.8750520660000230),
(1658, 106.8053800000000700, 10.8750900000000570),
(1659, 106.8053400000000600, 10.8751900000000320),
(1660, 106.8052700000000600, 10.8751600000000500),
(1661, 106.8052600000000300, 10.8751300000000700),
(1662, 106.8052600000000300, 10.8750900000000570),
(1663, 106.8051500000000800, 10.8746600000000630),
(1664, 106.8047000000000800, 10.8739800000000740),
(1665, 106.8042800000000600, 10.8737400000000550),
(1666, 106.8032700000000500, 10.8735800000000600),
(1667, 106.8027700000000700, 10.8735700000000300),
(1668, 106.8027700000000700, 10.8734700000000540),
(1669, 106.8032600000000800, 10.8734900000000600),
(1670, 106.8043364580000800, 10.8736653510000560),
(1671, 10.8736143329753110, 106.8043579394238700),
(1672, 106.8046798045056700, 10.8761219397503780),
(1673, 106.8042077357190500, 10.8749840367679730),
(1674, 106.8031563097851800, 10.8740989981133430),
(1675, 106.8017186457531600, 10.8739093466313880);

-- --------------------------------------------------------

--
-- Cấu trúc bảng cho bảng `vehicle`
--

CREATE TABLE `vehicle` (
  `id` int(11) NOT NULL,
  `registration_plate` text COLLATE utf8_unicode_ci NOT NULL,
  `color` text COLLATE utf8_unicode_ci NOT NULL
) ENGINE=MyISAM DEFAULT CHARSET=utf8 COLLATE=utf8_unicode_ci;

--
-- Đang đổ dữ liệu cho bảng `vehicle`
--

INSERT INTO `vehicle` (`id`, `registration_plate`, `color`) VALUES
(18, '49N5 7469', '#0fe63a'),
(17, '49F1 12345', '#dc0be0'),
(16, '49F1 12345', '#000000'),
(15, '49F1 12345', '#cb2525'),
(14, '47AB 9876', '#000000'),
(19, '49F1 - 4976', '#e70808'),
(20, '49F1 12345', '#000000');

--
-- Chỉ mục cho các bảng đã đổ
--

--
-- Chỉ mục cho bảng `arc`
--
ALTER TABLE `arc`
  ADD PRIMARY KEY (`id`),
  ADD KEY `point_begin_id` (`point_begin_id`),
  ADD KEY `point_end_id` (`point_end_id`),
  ADD KEY `vehicle_id` (`vehicle_id`);

--
-- Chỉ mục cho bảng `arc_point`
--
ALTER TABLE `arc_point`
  ADD PRIMARY KEY (`id`),
  ADD KEY `point_id` (`point_id`),
  ADD KEY `arc_id` (`arc_id`);

--
-- Chỉ mục cho bảng `gps_point`
--
ALTER TABLE `gps_point`
  ADD PRIMARY KEY (`id`),
  ADD KEY `point_id` (`point_id`),
  ADD KEY `vehicle_id` (`vehicle_id`);

--
-- Chỉ mục cho bảng `point`
--
ALTER TABLE `point`
  ADD PRIMARY KEY (`id`);

--
-- Chỉ mục cho bảng `vehicle`
--
ALTER TABLE `vehicle`
  ADD PRIMARY KEY (`id`);

--
-- AUTO_INCREMENT cho các bảng đã đổ
--

--
-- AUTO_INCREMENT cho bảng `arc`
--
ALTER TABLE `arc`
  MODIFY `id` int(11) NOT NULL AUTO_INCREMENT, AUTO_INCREMENT=86;
--
-- AUTO_INCREMENT cho bảng `arc_point`
--
ALTER TABLE `arc_point`
  MODIFY `id` int(11) NOT NULL AUTO_INCREMENT, AUTO_INCREMENT=1147;
--
-- AUTO_INCREMENT cho bảng `gps_point`
--
ALTER TABLE `gps_point`
  MODIFY `id` int(11) NOT NULL AUTO_INCREMENT, AUTO_INCREMENT=296;
--
-- AUTO_INCREMENT cho bảng `point`
--
ALTER TABLE `point`
  MODIFY `id` float NOT NULL AUTO_INCREMENT, AUTO_INCREMENT=1676;
--
-- AUTO_INCREMENT cho bảng `vehicle`
--
ALTER TABLE `vehicle`
  MODIFY `id` int(11) NOT NULL AUTO_INCREMENT, AUTO_INCREMENT=21;
/*!40101 SET CHARACTER_SET_CLIENT=@OLD_CHARACTER_SET_CLIENT */;
/*!40101 SET CHARACTER_SET_RESULTS=@OLD_CHARACTER_SET_RESULTS */;
/*!40101 SET COLLATION_CONNECTION=@OLD_COLLATION_CONNECTION */;
