-- phpMyAdmin SQL Dump
-- version 4.6.4
-- https://www.phpmyadmin.net/
--
-- Máy chủ: 127.0.0.1
-- Thời gian đã tạo: Th1 05, 2021 lúc 08:34 SA
-- Phiên bản máy phục vụ: 5.7.14
-- Phiên bản PHP: 7.0.10

SET SQL_MODE = "NO_AUTO_VALUE_ON_ZERO";
SET time_zone = "+00:00";


/*!40101 SET @OLD_CHARACTER_SET_CLIENT=@@CHARACTER_SET_CLIENT */;
/*!40101 SET @OLD_CHARACTER_SET_RESULTS=@@CHARACTER_SET_RESULTS */;
/*!40101 SET @OLD_COLLATION_CONNECTION=@@COLLATION_CONNECTION */;
/*!40101 SET NAMES utf8mb4 */;

--
-- Cơ sở dữ liệu: `deviation_plus`
--

-- --------------------------------------------------------

--
-- Cấu trúc bảng cho bảng `arc`
--

CREATE TABLE `arc` (
  `id` int(11) NOT NULL,
  `point_begin_id` int(11) NOT NULL,
  `point_end_id` int(11) NOT NULL,
  `vehicle_id` int(11) NOT NULL
) ENGINE=MyISAM DEFAULT CHARSET=utf8 COLLATE=utf8_unicode_ci;

--
-- Đang đổ dữ liệu cho bảng `arc`
--

INSERT INTO `arc` (`id`, `point_begin_id`, `point_end_id`, `vehicle_id`) VALUES
(12, 169, 186, 15),
(11, 159, 168, 15),
(10, 141, 158, 15),
(9, 131, 140, 15),
(8, 118, 130, 15),
(7, 100, 117, 14),
(13, 187, 204, 15),
(14, 205, 218, 15),
(15, 219, 226, 15),
(16, 227, 234, 15),
(17, 235, 246, 15),
(18, 247, 252, 15),
(19, 253, 262, 15),
(20, 263, 274, 16);

-- --------------------------------------------------------

--
-- Cấu trúc bảng cho bảng `arc_point`
--

CREATE TABLE `arc_point` (
  `id` int(11) NOT NULL,
  `arc_id` int(11) NOT NULL,
  `point_id` int(11) NOT NULL,
  `sequence` int(11) NOT NULL
) ENGINE=MyISAM DEFAULT CHARSET=utf8 COLLATE=utf8_unicode_ci;

--
-- Đang đổ dữ liệu cho bảng `arc_point`
--

INSERT INTO `arc_point` (`id`, `arc_id`, `point_id`, `sequence`) VALUES
(43, 8, 122, 4),
(42, 8, 121, 3),
(41, 8, 120, 2),
(40, 8, 119, 1),
(39, 7, 116, 16),
(38, 7, 115, 15),
(37, 7, 114, 14),
(36, 7, 113, 13),
(35, 7, 112, 12),
(34, 7, 111, 11),
(33, 7, 110, 10),
(32, 7, 109, 9),
(31, 7, 108, 8),
(30, 7, 107, 7),
(29, 7, 106, 6),
(28, 7, 105, 5),
(27, 7, 104, 4),
(26, 7, 103, 3),
(25, 7, 102, 2),
(24, 7, 101, 1),
(44, 8, 123, 5),
(45, 8, 124, 6),
(46, 8, 125, 7),
(47, 8, 126, 8),
(48, 8, 127, 9),
(49, 8, 128, 10),
(50, 8, 129, 11),
(51, 9, 132, 1),
(52, 9, 133, 2),
(53, 9, 134, 3),
(54, 9, 135, 4),
(55, 9, 136, 5),
(56, 9, 137, 6),
(57, 9, 138, 7),
(58, 9, 139, 8),
(59, 10, 142, 1),
(60, 10, 143, 2),
(61, 10, 144, 3),
(62, 10, 145, 4),
(63, 10, 146, 5),
(64, 10, 147, 6),
(65, 10, 148, 7),
(66, 10, 149, 8),
(67, 10, 150, 9),
(68, 10, 151, 10),
(69, 10, 152, 11),
(70, 10, 153, 12),
(71, 10, 154, 13),
(72, 10, 155, 14),
(73, 10, 156, 15),
(74, 10, 157, 16),
(75, 11, 160, 1),
(76, 11, 161, 2),
(77, 11, 162, 3),
(78, 11, 163, 4),
(79, 11, 164, 5),
(80, 11, 165, 6),
(81, 11, 166, 7),
(82, 11, 167, 8),
(83, 12, 170, 1),
(84, 12, 171, 2),
(85, 12, 172, 3),
(86, 12, 173, 4),
(87, 12, 174, 5),
(88, 12, 175, 6),
(89, 12, 176, 7),
(90, 12, 177, 8),
(91, 12, 178, 9),
(92, 12, 179, 10),
(93, 12, 180, 11),
(94, 12, 181, 12),
(95, 12, 182, 13),
(96, 12, 183, 14),
(97, 12, 184, 15),
(98, 12, 185, 16),
(99, 13, 188, 1),
(100, 13, 189, 2),
(101, 13, 190, 3),
(102, 13, 191, 4),
(103, 13, 192, 5),
(104, 13, 193, 6),
(105, 13, 194, 7),
(106, 13, 195, 8),
(107, 13, 196, 9),
(108, 13, 197, 10),
(109, 13, 198, 11),
(110, 13, 199, 12),
(111, 13, 200, 13),
(112, 13, 201, 14),
(113, 13, 202, 15),
(114, 13, 203, 16),
(115, 14, 206, 1),
(116, 14, 207, 2),
(117, 14, 208, 3),
(118, 14, 209, 4),
(119, 14, 210, 5),
(120, 14, 211, 6),
(121, 14, 212, 7),
(122, 14, 213, 8),
(123, 14, 214, 9),
(124, 14, 215, 10),
(125, 14, 216, 11),
(126, 14, 217, 12),
(127, 15, 220, 1),
(128, 15, 221, 2),
(129, 15, 222, 3),
(130, 15, 223, 4),
(131, 15, 224, 5),
(132, 15, 225, 6),
(133, 16, 228, 1),
(134, 16, 229, 2),
(135, 16, 230, 3),
(136, 16, 231, 4),
(137, 16, 232, 5),
(138, 16, 233, 6),
(139, 17, 236, 1),
(140, 17, 237, 2),
(141, 17, 238, 3),
(142, 17, 239, 4),
(143, 17, 240, 5),
(144, 17, 241, 6),
(145, 17, 242, 7),
(146, 17, 243, 8),
(147, 17, 244, 9),
(148, 17, 245, 10),
(149, 18, 248, 1),
(150, 18, 249, 2),
(151, 18, 250, 3),
(152, 18, 251, 4),
(153, 19, 254, 1),
(154, 19, 255, 2),
(155, 19, 256, 3),
(156, 19, 257, 4),
(157, 19, 258, 5),
(158, 19, 259, 6),
(159, 19, 260, 7),
(160, 19, 261, 8),
(161, 20, 264, 1),
(162, 20, 265, 2),
(163, 20, 266, 3),
(164, 20, 267, 4),
(165, 20, 268, 5),
(166, 20, 269, 6),
(167, 20, 270, 7),
(168, 20, 271, 8),
(169, 20, 272, 9),
(170, 20, 273, 10);

-- --------------------------------------------------------

--
-- Cấu trúc bảng cho bảng `gps_point`
--

CREATE TABLE `gps_point` (
  `id` int(11) NOT NULL,
  `timestamp` timestamp NOT NULL DEFAULT CURRENT_TIMESTAMP,
  `deviation` double(20,16) DEFAULT NULL,
  `point_id` int(11) NOT NULL,
  `vehicle_id` int(11) NOT NULL
) ENGINE=MyISAM DEFAULT CHARSET=utf8 COLLATE=utf8_unicode_ci;

--
-- Đang đổ dữ liệu cho bảng `gps_point`
--

INSERT INTO `gps_point` (`id`, `timestamp`, `deviation`, `point_id`, `vehicle_id`) VALUES
(1, '2021-01-05 08:32:11', 0.0000000000000000, 275, 16),
(2, '2021-01-05 08:32:15', 0.0000000000000000, 276, 16),
(3, '2021-01-05 08:32:18', 0.0000000000000000, 277, 16),
(4, '2021-01-05 08:32:21', 0.0000000000000000, 278, 16),
(5, '2021-01-05 08:32:24', 0.0000000000000000, 279, 16);

-- --------------------------------------------------------

--
-- Cấu trúc bảng cho bảng `point`
--

CREATE TABLE `point` (
  `id` float NOT NULL,
  `longitude` double(20,16) DEFAULT NULL,
  `latitude` double(20,16) DEFAULT NULL
) ENGINE=MyISAM DEFAULT CHARSET=utf8 COLLATE=utf8_unicode_ci;

--
-- Đang đổ dữ liệu cho bảng `point`
--

INSERT INTO `point` (`id`, `longitude`, `latitude`) VALUES
(124, 106.8047027587890600, 10.8739795684814450),
(123, 106.8051528930664000, 10.8746595382690430),
(122, 106.8052597045898400, 10.8750896453857420),
(121, 106.8052597045898400, 10.8751296997070310),
(120, 106.8052673339843800, 10.8751602172851560),
(119, 106.8052902221679700, 10.8751831054687500),
(118, 10.8751735687255860, 106.8053054809570300),
(117, 10.8764591217041020, 106.8032608032226600),
(116, 106.8032760620117200, 10.8764467239379880),
(115, 106.8032608032226600, 10.8764295578002930),
(114, 106.8031692504882800, 10.8764295578002930),
(113, 106.8031387329101600, 10.8764600753784180),
(112, 106.8031311035156200, 10.8765296936035160),
(111, 106.8031768798828100, 10.8765897750854500),
(110, 106.8032073974609400, 10.8766002655029300),
(109, 106.8032531738281200, 10.8765897750854500),
(108, 106.8033065795898400, 10.8765201568603520),
(107, 106.8039321899414000, 10.8763504028320310),
(106, 106.8042831420898400, 10.8762302398681640),
(105, 106.8046188354492200, 10.8760900497436520),
(104, 106.8050765991211000, 10.8756704330444340),
(103, 106.8052215576171900, 10.8753995895385740),
(102, 106.8053436279296900, 10.8751897811889650),
(101, 106.8053588867187500, 10.8751802444458000),
(100, 10.8751525878906250, 106.8053436279296900),
(63, 106.8081207275390600, 10.8734903335571290),
(64, 106.8078613281250000, 10.8737602233886720),
(65, 106.8076400756836000, 10.8739099502563480),
(66, 106.8074569702148400, 10.8740196228027340),
(67, 106.8072814941406200, 10.8741302490234380),
(68, 106.8065414428711000, 10.8745203018188480),
(69, 106.8055572509765600, 10.8749904632568360),
(70, 106.8053817749023400, 10.8750896453857420),
(71, 106.8053436279296900, 10.8751897811889650),
(72, 106.8052215576171900, 10.8753995895385740),
(73, 106.8050765991211000, 10.8756704330444340),
(74, 106.8046188354492200, 10.8760900497436520),
(75, 106.8042831420898400, 10.8762302398681640),
(76, 106.8039321899414000, 10.8763504028320310),
(77, 106.8033065795898400, 10.8765201568603520),
(78, 106.8032531738281200, 10.8765897750854500),
(79, 106.8033828735351600, 10.8766698837280270),
(80, 106.8040924072265600, 10.8774700164794920),
(81, 10.8780183792114260, 106.8037643432617200),
(82, 10.8753213882446290, 106.8054428100586000),
(83, 106.8053054809570300, 10.8752450942993160),
(84, 106.8052215576171900, 10.8753995895385740),
(85, 106.8050765991211000, 10.8756704330444340),
(86, 106.8046188354492200, 10.8760900497436520),
(87, 106.8042831420898400, 10.8762302398681640),
(88, 106.8039321899414000, 10.8763504028320310),
(89, 106.8033065795898400, 10.8765201568603520),
(90, 106.8032531738281200, 10.8765897750854500),
(91, 106.8032073974609400, 10.8766002655029300),
(92, 106.8031768798828100, 10.8765897750854500),
(93, 106.8031311035156200, 10.8765296936035160),
(94, 106.8022003173828100, 10.8765897750854500),
(95, 106.8017807006836000, 10.8765497207641600),
(96, 106.8015823364257800, 10.8765096664428710),
(97, 106.8007888793945300, 10.8763799667358400),
(98, 106.8006439208984400, 10.8767194747924800),
(99, 10.8767328262329100, 106.8006744384765600),
(125, 106.8042831420898400, 10.8737401962280270),
(126, 106.8032684326171900, 10.8735799789428710),
(127, 106.8027725219726600, 10.8735704421997070),
(128, 106.8027725219726600, 10.8734703063964840),
(129, 106.8028106689453100, 10.8734722137451170),
(130, 10.8734664916992190, 106.8028106689453100),
(131, 10.8748579025268550, 106.8053131103515600),
(132, 106.8052062988281200, 10.8748846054077150),
(133, 106.8051528930664000, 10.8746595382690430),
(134, 106.8047027587890600, 10.8739795684814450),
(135, 106.8042831420898400, 10.8737401962280270),
(136, 106.8032684326171900, 10.8735799789428710),
(137, 106.8027725219726600, 10.8735704421997070),
(138, 106.8027725219726600, 10.8734703063964840),
(139, 106.8028411865234400, 10.8734731674194340),
(140, 10.8734664916992190, 106.8028488159179700),
(141, 10.8749628067016600, 106.8054809570312500),
(142, 106.8055038452148400, 10.8750114440917970),
(143, 106.8053817749023400, 10.8750896453857420),
(144, 106.8053436279296900, 10.8751897811889650),
(145, 106.8052673339843800, 10.8751602172851560),
(146, 106.8052597045898400, 10.8751296997070310),
(147, 106.8052597045898400, 10.8750896453857420),
(148, 106.8051528930664000, 10.8746595382690430),
(149, 106.8047027587890600, 10.8739795684814450),
(150, 106.8042831420898400, 10.8737401962280270),
(151, 106.8032684326171900, 10.8735799789428710),
(152, 106.8027725219726600, 10.8735704421997070),
(153, 106.8022918701171900, 10.8736095428466800),
(154, 106.8017501831054700, 10.8736896514892580),
(155, 106.8017196655273400, 10.8735904693603520),
(156, 106.8022994995117200, 10.8735103607177730),
(157, 106.8024597167968800, 10.8734960556030270),
(158, 10.8732347488403320, 106.8024368286132800),
(159, 10.8750257492065430, 106.8053970336914000),
(160, 106.8054199218750000, 10.8750600814819340),
(161, 106.8055572509765600, 10.8749904632568360),
(162, 106.8065414428711000, 10.8745203018188480),
(163, 106.8072814941406200, 10.8741302490234380),
(164, 106.8074569702148400, 10.8740196228027340),
(165, 106.8076400756836000, 10.8739099502563480),
(166, 106.8078613281250000, 10.8737602233886720),
(167, 106.8080673217773400, 10.8735532760620120),
(168, 10.8736143112182620, 106.8081436157226600),
(169, 10.8750257492065430, 106.8054122924804700),
(170, 106.8054275512695300, 10.8750553131103520),
(171, 106.8053817749023400, 10.8750896453857420),
(172, 106.8053436279296900, 10.8751897811889650),
(173, 106.8052673339843800, 10.8751602172851560),
(174, 106.8052597045898400, 10.8751296997070310),
(175, 106.8052597045898400, 10.8750896453857420),
(176, 106.8051528930664000, 10.8746595382690430),
(177, 106.8047027587890600, 10.8739795684814450),
(178, 106.8042831420898400, 10.8737401962280270),
(179, 106.8032684326171900, 10.8735799789428710),
(180, 106.8027725219726600, 10.8735704421997070),
(181, 106.8027725219726600, 10.8734703063964840),
(182, 106.8032608032226600, 10.8734903335571290),
(183, 106.8042984008789000, 10.8736495971679690),
(184, 106.8047637939453100, 10.8739099502563480),
(185, 106.8047790527343800, 10.8739290237426760),
(186, 10.8738670349121100, 106.8048477172851600),
(187, 10.8749628067016600, 106.8053665161132800),
(188, 106.8053359985351600, 10.8750638961792000),
(189, 106.8053817749023400, 10.8750896453857420),
(190, 106.8053436279296900, 10.8751897811889650),
(191, 106.8052673339843800, 10.8751602172851560),
(192, 106.8052597045898400, 10.8751296997070310),
(193, 106.8052597045898400, 10.8750896453857420),
(194, 106.8051528930664000, 10.8746595382690430),
(195, 106.8047027587890600, 10.8739795684814450),
(196, 106.8042831420898400, 10.8737401962280270),
(197, 106.8032684326171900, 10.8735799789428710),
(198, 106.8027725219726600, 10.8735704421997070),
(199, 106.8022918701171900, 10.8736095428466800),
(200, 106.8017501831054700, 10.8736896514892580),
(201, 106.8017196655273400, 10.8735904693603520),
(202, 106.8022994995117200, 10.8735103607177730),
(203, 106.8023910522461000, 10.8735027313232420),
(204, 10.8731718063354500, 106.8023605346679700),
(205, 10.8750896453857420, 106.8053054809570300),
(206, 106.8052978515625000, 10.8750686645507810),
(207, 106.8053207397461000, 10.8750600814819340),
(208, 106.8053817749023400, 10.8750896453857420),
(209, 106.8055572509765600, 10.8749904632568360),
(210, 106.8065414428711000, 10.8745203018188480),
(211, 106.8072814941406200, 10.8741302490234380),
(212, 106.8074569702148400, 10.8740196228027340),
(213, 106.8076400756836000, 10.8739099502563480),
(214, 106.8078613281250000, 10.8737602233886720),
(215, 106.8081207275390600, 10.8734903335571290),
(216, 106.8081970214843800, 10.8733997344970700),
(217, 106.8083953857421900, 10.8731622695922850),
(218, 10.8730878829956050, 106.8083038330078100),
(219, 10.8750476837158200, 106.8052139282226600),
(220, 106.8052444458007800, 10.8750391006469730),
(221, 106.8052597045898400, 10.8750896453857420),
(222, 106.8053207397461000, 10.8750600814819340),
(223, 106.8053817749023400, 10.8750896453857420),
(224, 106.8055572509765600, 10.8749904632568360),
(225, 106.8060989379882800, 10.8747339248657230),
(226, 10.8747730255126950, 106.8061141967773400),
(227, 10.8750686645507810, 106.8053894042968800),
(228, 106.8053970336914000, 10.8750791549682620),
(229, 106.8055572509765600, 10.8749904632568360),
(230, 106.8065414428711000, 10.8745203018188480),
(231, 106.8072814941406200, 10.8741302490234380),
(232, 106.8074569702148400, 10.8740196228027340),
(233, 106.8075103759765600, 10.8739881515502930),
(234, 10.8740568161010740, 106.8075561523437500),
(235, 10.8750686645507810, 106.8053054809570300),
(236, 106.8052978515625000, 10.8750658035278320),
(237, 106.8053207397461000, 10.8750600814819340),
(238, 106.8053817749023400, 10.8750896453857420),
(239, 106.8053436279296900, 10.8751897811889650),
(240, 106.8052215576171900, 10.8753995895385740),
(241, 106.8050765991211000, 10.8756704330444340),
(242, 106.8046188354492200, 10.8760900497436520),
(243, 106.8042831420898400, 10.8762302398681640),
(244, 106.8039321899414000, 10.8763504028320310),
(245, 106.8036117553711000, 10.8764247894287110),
(246, 10.8763961791992190, 106.8036041259765600),
(247, 10.8750896453857420, 106.8053207397461000),
(248, 106.8053283691406200, 10.8750638961792000),
(249, 106.8053817749023400, 10.8750896453857420),
(250, 106.8055572509765600, 10.8749904632568360),
(251, 106.8065109252929700, 10.8745346069335940),
(252, 10.8744783401489260, 106.8064804077148400),
(253, 10.8750257492065430, 106.8051910400390600),
(254, 106.8052444458007800, 10.8750143051147460),
(255, 106.8051528930664000, 10.8746595382690430),
(256, 106.8047027587890600, 10.8739795684814450),
(257, 106.8042831420898400, 10.8737401962280270),
(258, 106.8032684326171900, 10.8735799789428710),
(259, 106.8027725219726600, 10.8735704421997070),
(260, 106.8027725219726600, 10.8734703063964840),
(261, 106.8030090332031200, 10.8734798431396480),
(262, 10.8734874725341800, 106.8030090332031200),
(263, 10.8751315429550800, 106.8052162463086700),
(264, 106.8052162460000400, 10.8751300000000700),
(265, 106.8052600000000300, 10.8751300000000700),
(266, 106.8052600000000300, 10.8750900000000570),
(267, 106.8051500000000800, 10.8746600000000630),
(268, 106.8047000000000800, 10.8739800000000740),
(269, 106.8042800000000600, 10.8737400000000550),
(270, 106.8032700000000500, 10.8735800000000600),
(271, 106.8027700000000700, 10.8735700000000300),
(272, 106.8027700000000700, 10.8734700000000540),
(273, 106.8027710120000500, 10.8734467280000330),
(274, 10.8734457536122480, 106.8027486140149000),
(275, 106.8035640055554400, 10.8763115898252940),
(276, 106.8020834261792000, 10.8764801675684240),
(277, 106.8008603388683800, 10.8760165785455120),
(278, 106.7999805743114600, 10.8755108442440350),
(279, 106.8005599314587000, 10.8735511157253290);

-- --------------------------------------------------------

--
-- Cấu trúc bảng cho bảng `vehicle`
--

CREATE TABLE `vehicle` (
  `id` int(11) NOT NULL,
  `registration_plate` text COLLATE utf8_unicode_ci NOT NULL,
  `color` text COLLATE utf8_unicode_ci NOT NULL
) ENGINE=MyISAM DEFAULT CHARSET=utf8 COLLATE=utf8_unicode_ci;

--
-- Đang đổ dữ liệu cho bảng `vehicle`
--

INSERT INTO `vehicle` (`id`, `registration_plate`, `color`) VALUES
(16, '49F1 12345', '#000000'),
(15, '49F1 12345', '#cb2525'),
(14, '47AB 9876', '#000000');

--
-- Chỉ mục cho các bảng đã đổ
--

--
-- Chỉ mục cho bảng `arc`
--
ALTER TABLE `arc`
  ADD PRIMARY KEY (`id`),
  ADD KEY `point_begin_id` (`point_begin_id`),
  ADD KEY `point_end_id` (`point_end_id`),
  ADD KEY `vehicle_id` (`vehicle_id`);

--
-- Chỉ mục cho bảng `arc_point`
--
ALTER TABLE `arc_point`
  ADD PRIMARY KEY (`id`),
  ADD KEY `point_id` (`point_id`),
  ADD KEY `arc_id` (`arc_id`);

--
-- Chỉ mục cho bảng `gps_point`
--
ALTER TABLE `gps_point`
  ADD PRIMARY KEY (`id`),
  ADD KEY `point_id` (`point_id`),
  ADD KEY `vehicle_id` (`vehicle_id`);

--
-- Chỉ mục cho bảng `point`
--
ALTER TABLE `point`
  ADD PRIMARY KEY (`id`);

--
-- Chỉ mục cho bảng `vehicle`
--
ALTER TABLE `vehicle`
  ADD PRIMARY KEY (`id`);

--
-- AUTO_INCREMENT cho các bảng đã đổ
--

--
-- AUTO_INCREMENT cho bảng `arc`
--
ALTER TABLE `arc`
  MODIFY `id` int(11) NOT NULL AUTO_INCREMENT, AUTO_INCREMENT=21;
--
-- AUTO_INCREMENT cho bảng `arc_point`
--
ALTER TABLE `arc_point`
  MODIFY `id` int(11) NOT NULL AUTO_INCREMENT, AUTO_INCREMENT=171;
--
-- AUTO_INCREMENT cho bảng `gps_point`
--
ALTER TABLE `gps_point`
  MODIFY `id` int(11) NOT NULL AUTO_INCREMENT, AUTO_INCREMENT=6;
--
-- AUTO_INCREMENT cho bảng `point`
--
ALTER TABLE `point`
  MODIFY `id` float NOT NULL AUTO_INCREMENT, AUTO_INCREMENT=280;
--
-- AUTO_INCREMENT cho bảng `vehicle`
--
ALTER TABLE `vehicle`
  MODIFY `id` int(11) NOT NULL AUTO_INCREMENT, AUTO_INCREMENT=17;
/*!40101 SET CHARACTER_SET_CLIENT=@OLD_CHARACTER_SET_CLIENT */;
/*!40101 SET CHARACTER_SET_RESULTS=@OLD_CHARACTER_SET_RESULTS */;
/*!40101 SET COLLATION_CONNECTION=@OLD_COLLATION_CONNECTION */;
